chr,start,end,W statistics,q-value,threshold,indicator
1,747641,757641,0,1,Inf,FALSE
1,750141,755141,0,1,Inf,FALSE
1,752641,757641,0,1,Inf,FALSE
1,752641,762641,0,1,Inf,FALSE
1,755141,760141,0.285099601091094,0.699653979238754,Inf,FALSE
1,767641,777641,0,1,Inf,FALSE
1,769223,769223,0.198188259825081,0.699653979238754,Inf,FALSE
1,772641,782641,0,1,Inf,FALSE
1,777641,787641,0.120072635900407,0.699653979238754,Inf,FALSE
1,787641,797641,1.08302792455236,0.699653979238754,Inf,FALSE
1,792641,802641,0.930639832802798,0.699653979238754,Inf,FALSE
1,801536,801536,0,1,Inf,FALSE
1,807641,817641,0.141467258746442,0.699653979238754,Inf,FALSE
1,810141,815141,0,1,Inf,FALSE
1,812641,817641,0.226064821022493,0.699653979238754,Inf,FALSE
1,812641,822641,0.13358050487238,0.699653979238754,Inf,FALSE
1,815141,820141,0.331342024082996,0.699653979238754,Inf,FALSE
1,817641,827641,0.970627532479761,0.699653979238754,Inf,FALSE
1,820141,825141,1.26034448083926,0.699653979238754,Inf,FALSE
1,822641,832641,0.377324760880564,0.699653979238754,Inf,FALSE
1,825141,830141,0,1,Inf,FALSE
1,827641,832641,0,1,Inf,FALSE
1,827641,837641,0,1,Inf,FALSE
1,830141,835141,0,1,Inf,FALSE
1,832641,837641,0,1,Inf,FALSE
1,833641,834641,0,1,Inf,FALSE
1,833927,833927,0,1,Inf,FALSE
1,834263,834263,0,1,Inf,FALSE
1,837641,847641,0.138835661609292,0.699653979238754,Inf,FALSE
1,837657,837657,0,1,Inf,FALSE
1,840753,840753,0,1,Inf,FALSE
1,842641,852641,0,1,Inf,FALSE
1,844300,844300,0,1,Inf,FALSE
1,845141,850141,0,1,Inf,FALSE
1,847641,852641,0,1,Inf,FALSE
1,847641,857641,0,1,Inf,FALSE
1,850141,855141,0,1,Inf,FALSE
1,850371,850371,0,1,Inf,FALSE
1,851390,851390,1.08146887533469,0.699653979238754,Inf,FALSE
1,852641,857641,0,1,Inf,FALSE
1,852641,862641,0,1,Inf,FALSE
1,857641,867641,0.505117428523812,0.699653979238754,Inf,FALSE
1,862641,867641,0.364712309777927,0.699653979238754,Inf,FALSE
1,862641,872641,0,1,Inf,FALSE
1,862772,862772,0,1,Inf,FALSE
1,864490,864490,0,1,Inf,FALSE
1,865141,870141,0.2751068836846,0.699653979238754,Inf,FALSE
1,867641,872641,0,1,Inf,FALSE
1,867663,867663,0.717808252162478,0.699653979238754,Inf,FALSE
1,870141,875141,0,1,Inf,FALSE
1,872352,872352,0,1,Inf,FALSE
1,872641,882641,0,1,Inf,FALSE
1,876499,876499,0,1,Inf,FALSE
1,877641,887641,0.213188305223342,0.699653979238754,Inf,FALSE
1,878331,878331,0,1,Inf,FALSE
1,879482,879482,1.01222108016838,0.699653979238754,Inf,FALSE
1,880141,881141,0.528025760014074,0.699653979238754,Inf,FALSE
1,880141,885141,0.249695540759302,0.699653979238754,Inf,FALSE
1,880641,881641,0,1,Inf,FALSE
1,881918,881918,0,1,Inf,FALSE
1,882641,887641,0.78339348215034,0.699653979238754,Inf,FALSE
1,882641,892641,0,1,Inf,FALSE
1,883641,884641,0.879340822219857,0.699653979238754,Inf,FALSE
1,885141,890141,0,1,Inf,FALSE
1,887641,892641,0,1,Inf,FALSE
1,887641,897641,0,1,Inf,FALSE
1,890141,895141,0,1,Inf,FALSE
1,891620,891620,0,1,Inf,FALSE
1,892641,897641,0,1,Inf,FALSE
1,893141,894141,0,1,Inf,FALSE
1,894519,894519,0,1,Inf,FALSE
1,897641,907641,0,1,Inf,FALSE
1,902641,912641,0,1,Inf,FALSE
1,905141,906141,0,1,Inf,FALSE
1,905141,910141,0,1,Inf,FALSE
1,905641,906641,0,1,Inf,FALSE
1,906141,907141,1.24012470001692,0.699653979238754,Inf,FALSE
1,907609,907609,0.694079250399784,0.699653979238754,Inf,FALSE
1,907641,912641,0,1,Inf,FALSE
1,907641,917641,0,1,Inf,FALSE
1,910141,915141,0,1,Inf,FALSE
1,910512,910512,0,1,Inf,FALSE
1,912641,917641,0,1,Inf,FALSE
1,912641,922641,0,1,Inf,FALSE
1,913610,913610,0.264237935829926,0.699653979238754,Inf,FALSE
1,914141,915141,0,1,Inf,FALSE
1,914333,914333,0.524686121038002,0.699653979238754,Inf,FALSE
1,914641,915641,0,1,Inf,FALSE
1,914876,914876,0,1,Inf,FALSE
1,915141,916141,0,1,Inf,FALSE
1,915141,920141,0,1,Inf,FALSE
1,916549,916549,1.32721154759146,0.699653979238754,Inf,FALSE
1,917141,918141,0,1,Inf,FALSE
1,917641,922641,0,1,Inf,FALSE
1,917641,927641,0,1,Inf,FALSE
1,919641,920641,0.117374339578324,0.699653979238754,Inf,FALSE
1,920141,925141,0,1,Inf,FALSE
1,920503,920503,0.897313749011479,0.699653979238754,Inf,FALSE
1,921071,921071,0.816619227488569,0.699653979238754,Inf,FALSE
1,922641,932641,0,1,Inf,FALSE
1,925141,930141,0,1,Inf,FALSE
1,927641,932641,0,1,Inf,FALSE
1,927641,937641,0,1,Inf,FALSE
1,930141,931141,0.0321604402223071,0.699653979238754,Inf,FALSE
1,930141,935141,0.0334664219141508,0.699653979238754,Inf,FALSE
1,930641,931641,0,1,Inf,FALSE
1,932641,937641,0,1,Inf,FALSE
1,932641,942641,0,1,Inf,FALSE
1,937641,942641,0,1,Inf,FALSE
1,937641,947641,0,1,Inf,FALSE
1,939950,939950,0,1,Inf,FALSE
1,940141,945141,0,1,Inf,FALSE
1,940203,940203,0.21147995133701,0.699653979238754,Inf,FALSE
1,942641,947641,0,1,Inf,FALSE
1,942641,952641,0,1,Inf,FALSE
1,944141,945141,0,1,Inf,FALSE
1,945141,950141,0,1,Inf,FALSE
1,945349,945349,0,1,Inf,FALSE
1,947641,957641,0.186426389243767,0.699653979238754,Inf,FALSE
1,949608,949608,0,1,Inf,FALSE
1,950141,955141,0.219011316584602,0.699653979238754,Inf,FALSE
1,952141,953141,0,1,Inf,FALSE
1,952641,957641,0,1,Inf,FALSE
1,952641,962641,0,1,Inf,FALSE
1,956998,956998,0,1,Inf,FALSE
1,957640,957640,0.678329109067722,0.699653979238754,Inf,FALSE
1,957641,967641,0,1,Inf,FALSE
1,958204,958204,0,1,Inf,FALSE
1,959509,959509,0,1,Inf,FALSE
1,960141,965141,0,1,Inf,FALSE
1,962641,967641,0,1,Inf,FALSE
1,962720,962720,0,1,Inf,FALSE
1,963721,963721,0,1,Inf,FALSE
1,972641,982641,0,1,Inf,FALSE
1,975141,980141,0,1,Inf,FALSE
1,977641,982641,0,1,Inf,FALSE
1,977641,987641,0,1,Inf,FALSE
1,978641,979641,0,1,Inf,FALSE
1,979141,980141,0,1,Inf,FALSE
1,980141,981141,0.0319039474575937,0.699653979238754,Inf,FALSE
1,980141,985141,0,1,Inf,FALSE
1,980641,981641,0,1,Inf,FALSE
1,981641,982641,0,1,Inf,FALSE
1,982641,983641,0,1,Inf,FALSE
1,982641,987641,0,1,Inf,FALSE
1,982641,992641,0,1,Inf,FALSE
1,984141,985141,0,1,Inf,FALSE
1,985141,990141,0,1,Inf,FALSE
1,986141,987141,0,1,Inf,FALSE
1,986732,986732,1.08837540499678,0.699653979238754,Inf,FALSE
1,987253,987253,0,1,Inf,FALSE
1,987641,997641,0,1,Inf,FALSE
1,990141,995141,0,1,Inf,FALSE
1,992641,997641,0,1,Inf,FALSE
1,992641,1002641,0,1,Inf,FALSE
1,995141,1000141,0,1,Inf,FALSE
1,997641,1002641,0,1,Inf,FALSE
1,997641,1007641,0.936640779561418,0.699653979238754,Inf,FALSE
1,998170,998170,0,1,Inf,FALSE
1,998395,998395,0,1,Inf,FALSE
1,999641,1000641,0.446426541848656,0.699653979238754,Inf,FALSE
1,1000141,1005141,1.21842670301307,0.699653979238754,Inf,FALSE
1,1001290,1001290,0.395391754168529,0.699653979238754,Inf,FALSE
1,1002387,1002387,0.613290302697571,0.699653979238754,Inf,FALSE
1,1002641,1012641,1.27818000317311,0.699653979238754,Inf,FALSE
1,1009234,1009234,0,1,Inf,FALSE
1,1017641,1027641,0.309994005865736,0.699653979238754,Inf,FALSE
1,1018021,1018021,0.441656917773775,0.699653979238754,Inf,FALSE
1,1020141,1025141,0.505623064227798,0.699653979238754,Inf,FALSE
1,1022223,1022223,0,1,Inf,FALSE
1,1022641,1027641,0,1,Inf,FALSE
1,1022641,1032641,0,1,Inf,FALSE
1,1025141,1030141,0,1,Inf,FALSE
1,1026913,1026913,0,1,Inf,FALSE
1,1027641,1028641,0,1,Inf,FALSE
1,1032184,1032184,0.362610546777982,0.699653979238754,Inf,FALSE
1,1032641,1042641,0,1,Inf,FALSE
1,1033999,1033999,0,1,Inf,FALSE
1,1034243,1034243,0,1,Inf,FALSE
1,1036601,1036601,0,1,Inf,FALSE
1,1037641,1047641,0,1,Inf,FALSE
1,1040641,1041641,0,1,Inf,FALSE
1,1042070,1042070,0.572614204014939,0.699653979238754,Inf,FALSE
1,1042641,1052641,0.355603049523393,0.699653979238754,Inf,FALSE
1,1045141,1050141,0,1,Inf,FALSE
1,1052641,1062641,0.326445625227918,0.699653979238754,Inf,FALSE
1,1054091,1054091,0,1,Inf,FALSE
1,1055141,1060141,0,1,Inf,FALSE
1,1057641,1067641,0.106754443370076,0.699653979238754,Inf,FALSE
1,1060141,1065141,0,1,Inf,FALSE
1,1062641,1067641,0,1,Inf,FALSE
1,1063492,1063492,0.218288446525927,0.699653979238754,Inf,FALSE
1,1065296,1065296,1.67531625159449,0.699653979238754,Inf,FALSE
1,1067878,1067878,0,1,Inf,FALSE
1,1069535,1069535,0,1,Inf,FALSE
1,1069653,1069653,0,1,Inf,FALSE
1,1072641,1082641,0,1,Inf,FALSE
1,1075141,1080141,0,1,Inf,FALSE
1,1077641,1082641,0,1,Inf,FALSE
1,1078141,1079141,0,1,Inf,FALSE
1,1094485,1094485,0,1,Inf,FALSE
1,1102641,1112641,0,1,Inf,FALSE
1,1105141,1110141,0,1,Inf,FALSE
1,1105721,1105721,0,1,Inf,FALSE
1,1107641,1112641,0,1,Inf,FALSE
1,1107641,1117641,0,1,Inf,FALSE
1,1108951,1108951,0,1,Inf,FALSE
1,1109104,1109104,0,1,Inf,FALSE
1,1109476,1109476,0,1,Inf,FALSE
1,1110141,1115141,0,1,Inf,FALSE
1,1110557,1110557,0,1,Inf,FALSE
1,1112641,1122641,0,1,Inf,FALSE
1,1115141,1120141,0,1,Inf,FALSE
1,1115187,1115187,0,1,Inf,FALSE
1,1117641,1122641,0,1,Inf,FALSE
1,1117641,1127641,0,1,Inf,FALSE
1,1120141,1125141,0,1,Inf,FALSE
1,1120536,1120536,0,1,Inf,FALSE
1,1120641,1121641,0,1,Inf,FALSE
1,1121358,1121358,0,1,Inf,FALSE
1,1122641,1127641,0,1,Inf,FALSE
1,1122641,1132641,0,1,Inf,FALSE
1,1124641,1125641,0,1,Inf,FALSE
1,1125141,1130141,0,1,Inf,FALSE
1,1125641,1126641,0.594045753923991,0.699653979238754,Inf,FALSE
1,1127641,1132641,0,1,Inf,FALSE
1,1127641,1137641,0,1,Inf,FALSE
1,1130141,1135141,0,1,Inf,FALSE
1,1132141,1133141,0,1,Inf,FALSE
1,1132641,1137641,0,1,Inf,FALSE
1,1132641,1142641,0,1,Inf,FALSE
1,1135141,1140141,0,1,Inf,FALSE
1,1137641,1142641,0.185639809192478,0.699653979238754,Inf,FALSE
1,1137641,1147641,0,1,Inf,FALSE
1,1140141,1145141,0,1,Inf,FALSE
1,1140271,1140271,0,1,Inf,FALSE
1,1140641,1141641,0,1,Inf,FALSE
1,1142641,1143641,0,1,Inf,FALSE
1,1142641,1147641,0,1,Inf,FALSE
1,1142641,1152641,0,1,Inf,FALSE
1,1145141,1146141,0,1,Inf,FALSE
1,1145141,1150141,0,1,Inf,FALSE
1,1146339,1146339,0,1,Inf,FALSE
1,1151542,1151542,0,1,Inf,FALSE
1,1152641,1162641,0,1,Inf,FALSE
1,1157641,1167641,0,1,Inf,FALSE
1,1159641,1160641,0,1,Inf,FALSE
1,1160141,1165141,0,1,Inf,FALSE
1,1162641,1172641,1.55601041942904,0.699653979238754,Inf,FALSE
1,1165957,1165957,0,1,Inf,FALSE
1,1167641,1172641,0,1,Inf,FALSE
1,1167641,1177641,1.24734279495278,0.699653979238754,Inf,FALSE
1,1170141,1175141,0.791040378601665,0.699653979238754,Inf,FALSE
1,1172641,1177641,0,1,Inf,FALSE
1,1172641,1182641,2.06357415927739,0.699653979238754,Inf,FALSE
1,1172907,1172907,0,1,Inf,FALSE
1,1177641,1187641,2.2990723963823,0.699653979238754,Inf,FALSE
1,1181372,1181372,0.184814661776893,0.699653979238754,Inf,FALSE
1,1182641,1192641,0,1,Inf,FALSE
1,1182905,1182905,0.923233631795028,0.699653979238754,Inf,FALSE
1,1185141,1190141,0,1,Inf,FALSE
1,1187641,1192641,0,1,Inf,FALSE
1,1189641,1190641,0,1,Inf,FALSE
1,1190141,1191141,0,1,Inf,FALSE
1,1190206,1190206,0,1,Inf,FALSE
1,1191651,1191651,0,1,Inf,FALSE
1,1217641,1227641,1.32772258495732,0.699653979238754,Inf,FALSE
1,1222641,1232641,2.04348844256525,0.699653979238754,Inf,FALSE
1,1226063,1226063,0,1,Inf,FALSE
1,1226512,1226512,0,1,Inf,FALSE
1,1227641,1232641,1.49094807085794,0.699653979238754,Inf,FALSE
1,1227641,1237641,0,1,Inf,FALSE
1,1229680,1229680,0,1,Inf,FALSE
1,1231656,1231656,0,1,Inf,FALSE
1,1232641,1237641,0,1,Inf,FALSE
1,1237641,1247641,1.13975015795607,0.699653979238754,Inf,FALSE
1,1240141,1245141,1.43631993672828,0.699653979238754,Inf,FALSE
1,1252641,1262641,1.31358973053555,0.699653979238754,Inf,FALSE
1,1257641,1267641,0.911407360511634,0.699653979238754,Inf,FALSE
1,1262641,1267641,0,1,Inf,FALSE
1,1262641,1272641,0.0165715264069439,0.699653979238754,Inf,FALSE
1,1267641,1277641,0.395934107683514,0.699653979238754,Inf,FALSE
1,1269888,1269888,0,1,Inf,FALSE
1,1272641,1282641,0,1,Inf,FALSE
1,1277641,1287641,0,1,Inf,FALSE
1,1282641,1292641,0,1,Inf,FALSE
1,1285141,1290141,0,1,Inf,FALSE
1,1287641,1292641,0,1,Inf,FALSE
1,1290141,1295141,0,1,Inf,FALSE
1,1305807,1305807,0,1,Inf,FALSE
1,1334475,1334475,0,1,Inf,FALSE
1,1347641,1357641,0,1,Inf,FALSE
1,1350141,1355141,0.729795598192804,0.699653979238754,Inf,FALSE
1,1352641,1362641,0.721379079868573,0.699653979238754,Inf,FALSE
1,1362641,1372641,0,1,Inf,FALSE
1,1367641,1377641,0.546418479442659,0.699653979238754,Inf,FALSE
1,1369623,1369623,0,1,Inf,FALSE
1,1376347,1381347,0.509993363339087,0.699653979238754,Inf,FALSE
1,1376347,1386347,0.442454234579061,0.699653979238754,Inf,FALSE
1,1377347,1378347,0.93283024645609,0.699653979238754,Inf,FALSE
1,1386347,1396347,0,1,Inf,FALSE
1,1391448,1391448,1.09667060588713,0.699653979238754,Inf,FALSE
1,1396347,1406347,0,1,Inf,FALSE
1,1401347,1411347,0,1,Inf,FALSE
1,1406347,1416347,0.242947757906908,0.699653979238754,Inf,FALSE
1,1411347,1421347,0,1,Inf,FALSE
1,1416347,1426347,0.682377028005338,0.699653979238754,Inf,FALSE
1,1418847,1423847,0,1,Inf,FALSE
1,1421347,1426347,1.16043493683549,0.699653979238754,Inf,FALSE
1,1421347,1431347,0,1,Inf,FALSE
1,1423847,1428847,1.39861980396196,0.699653979238754,Inf,FALSE
1,1433138,1433138,0,1,Inf,FALSE
1,1454207,1454207,0,1,Inf,FALSE
1,1461041,1461041,0,1,Inf,FALSE
1,1470464,1470464,0,1,Inf,FALSE
1,1481348,1481348,0,1,Inf,FALSE
1,1492438,1492438,0,1,Inf,FALSE
1,1494355,1494355,0,1,Inf,FALSE
1,1496641,1496641,0,1,Inf,FALSE
1,1500925,1500925,0,1,Inf,FALSE
1,1520752,1520752,0,1,Inf,FALSE
1,1525437,1525437,0,1,Inf,FALSE
1,1534710,1534710,0,1,Inf,FALSE
1,1537437,1537437,0,1,Inf,FALSE
1,1546347,1556347,0,1,Inf,FALSE
1,1549720,1549720,0,1,Inf,FALSE
1,1551347,1561347,0,1,Inf,FALSE
1,1584593,1584593,0,1,Inf,FALSE
1,1586347,1596347,0,1,Inf,FALSE
1,1591347,1601347,0,1,Inf,FALSE
1,1596347,1606347,0,1,Inf,FALSE
1,1611995,1611995,0,1,Inf,FALSE
1,1619767,1619767,0,1,Inf,FALSE
1,1641347,1651347,0,1,Inf,FALSE
1,1666347,1676347,0,1,Inf,FALSE
1,1670415,1670415,0,1,Inf,FALSE
1,1671347,1681347,0.0865592203277348,0.699653979238754,Inf,FALSE
1,1676347,1686347,0,1,Inf,FALSE
1,1681347,1686347,0,1,Inf,FALSE
1,1681347,1691347,0,1,Inf,FALSE
1,1683847,1688847,0,1,Inf,FALSE
1,1686081,1686081,0.327538286203085,0.699653979238754,Inf,FALSE
1,1686347,1691347,0,1,Inf,FALSE
1,1686347,1696347,0,1,Inf,FALSE
1,1686943,1686943,0,1,Inf,FALSE
1,1687791,1687791,0,1,Inf,FALSE
1,1687847,1688847,0.0297886396989209,0.699653979238754,Inf,FALSE
1,1688347,1689347,0,1,Inf,FALSE
1,1688847,1689847,0,1,Inf,FALSE
1,1688847,1693847,0,1,Inf,FALSE
1,1689847,1690847,0,1,Inf,FALSE
1,1690347,1691347,0,1,Inf,FALSE
1,1690847,1691847,0,1,Inf,FALSE
1,1691347,1701347,0,1,Inf,FALSE
1,1691840,1691840,0,1,Inf,FALSE
1,1695742,1695742,0,1,Inf,FALSE
1,1696347,1706347,0,1,Inf,FALSE
1,1698847,1703847,0,1,Inf,FALSE
1,1699201,1699201,0,1,Inf,FALSE
1,1701347,1706347,0,1,Inf,FALSE
1,1701347,1711347,0,1,Inf,FALSE
1,1703847,1708847,0,1,Inf,FALSE
1,1706347,1711347,0,1,Inf,FALSE
1,1706735,1706735,0.471728082284705,0.699653979238754,Inf,FALSE
1,1709119,1709119,0,1,Inf,FALSE
1,1716347,1726347,0,1,Inf,FALSE
1,1718847,1723847,0,1,Inf,FALSE
1,1719079,1719079,0,1,Inf,FALSE
1,1721347,1726347,0,1,Inf,FALSE
1,1721347,1731347,0,1,Inf,FALSE
1,1721556,1721556,0,1,Inf,FALSE
1,1722347,1723347,0,1,Inf,FALSE
1,1723847,1728847,0,1,Inf,FALSE
1,1726347,1736347,0,1,Inf,FALSE
1,1728847,1733847,0,1,Inf,FALSE
1,1731347,1741347,0,1,Inf,FALSE
1,1738371,1738371,0,1,Inf,FALSE
1,1738973,1738973,0,1,Inf,FALSE
1,1746347,1756347,0,1,Inf,FALSE
1,1749412,1749412,0.442988379085181,0.699653979238754,Inf,FALSE
1,1751347,1761347,0,1,Inf,FALSE
1,1753847,1758847,0.506236776359441,0.699653979238754,Inf,FALSE
1,1756347,1761347,0,1,Inf,FALSE
1,1766856,1766856,0,1,Inf,FALSE
1,1771347,1781347,0,1,Inf,FALSE
1,1772488,1772488,0,1,Inf,FALSE
1,1776347,1786347,0,1,Inf,FALSE
1,1777847,1778847,0,1,Inf,FALSE
1,1778847,1783847,0,1,Inf,FALSE
1,1781347,1786347,0,1,Inf,FALSE
1,1781347,1791347,0,1,Inf,FALSE
1,1786347,1796347,0,1,Inf,FALSE
1,1791347,1801347,0,1,Inf,FALSE
1,1793847,1798847,0,1,Inf,FALSE
1,1796347,1801347,0,1,Inf,FALSE
1,1796347,1806347,0,1,Inf,FALSE
1,1798847,1803847,0,1,Inf,FALSE
1,1801347,1806347,0,1,Inf,FALSE
1,1801347,1811347,0,1,Inf,FALSE
1,1806347,1811347,1.06672369947245,0.699653979238754,Inf,FALSE
1,1826347,1836347,0,1,Inf,FALSE
1,1831347,1836347,0,1,Inf,FALSE
1,1831347,1841347,0,1,Inf,FALSE
1,1836347,1841347,0.080735511043999,0.699653979238754,Inf,FALSE
1,1841347,1851347,0.0895252557279163,0.699653979238754,Inf,FALSE
1,1846347,1856347,0.0776959576560675,0.699653979238754,Inf,FALSE
1,1851347,1861347,0,1,Inf,FALSE
1,1856347,1861347,0,1,Inf,FALSE
1,1861347,1871347,0,1,Inf,FALSE
1,1866347,1876347,0,1,Inf,FALSE
1,1868847,1873847,0,1,Inf,FALSE
1,1869347,1870347,0,1,Inf,FALSE
1,1871347,1876347,0,1,Inf,FALSE
1,1871347,1881347,0.286494040750023,0.699653979238754,Inf,FALSE
1,1876347,1881347,0.433207396189544,0.699653979238754,Inf,FALSE
1,1876347,1886347,0,1,Inf,FALSE
1,1878847,1883847,0,1,Inf,FALSE
1,1881347,1891347,0,1,Inf,FALSE
1,1882287,1882287,0,1,Inf,FALSE
1,1886347,1896347,0,1,Inf,FALSE
1,1886370,1886370,0,1,Inf,FALSE
1,1888193,1888193,0,1,Inf,FALSE
1,1888847,1893847,0,1,Inf,FALSE
1,1889356,1889356,0,1,Inf,FALSE
1,1891347,1896347,0,1,Inf,FALSE
1,1891347,1901347,0,1,Inf,FALSE
1,1892048,1892048,0.306187277363112,0.699653979238754,Inf,FALSE
1,1893847,1898847,0,1,Inf,FALSE
1,1895177,1895177,0,1,Inf,FALSE
1,1895347,1896347,0,1,Inf,FALSE
1,1895847,1896847,0.50443495098289,0.699653979238754,Inf,FALSE
1,1896347,1901347,0,1,Inf,FALSE
1,1896347,1906347,0,1,Inf,FALSE
1,1898847,1903847,0,1,Inf,FALSE
1,1900186,1900186,0,1,Inf,FALSE
1,1900232,1900232,0,1,Inf,FALSE
1,1901347,1906347,0,1,Inf,FALSE
1,1901347,1911347,0,1,Inf,FALSE
1,1901847,1902847,0,1,Inf,FALSE
1,1903847,1908847,0,1,Inf,FALSE
1,1904847,1905847,0,1,Inf,FALSE
1,1905790,1905790,0,1,Inf,FALSE
1,1906347,1911347,0,1,Inf,FALSE
1,1906347,1916347,0,1,Inf,FALSE
1,1912181,1912181,0,1,Inf,FALSE
1,1914124,1914124,0,1,Inf,FALSE
1,1921347,1931347,0,1,Inf,FALSE
1,1923847,1928847,0,1,Inf,FALSE
1,1926347,1931347,0,1,Inf,FALSE
1,1926347,1936347,0,1,Inf,FALSE
1,1928847,1933847,0,1,Inf,FALSE
1,1930347,1931347,0,1,Inf,FALSE
1,1930391,1930391,0,1,Inf,FALSE
1,1930847,1931847,0.359395145325175,0.699653979238754,Inf,FALSE
1,1931347,1936347,0,1,Inf,FALSE
1,1931347,1941347,0,1,Inf,FALSE
1,1933267,1933267,0.0833491228596863,0.699653979238754,Inf,FALSE
1,1933847,1938847,0,1,Inf,FALSE
1,1936347,1941347,0,1,Inf,FALSE
1,1936347,1946347,0,1,Inf,FALSE
1,1939826,1939826,0,1,Inf,FALSE
1,1941347,1946347,0,1,Inf,FALSE
1,1941347,1951347,0,1,Inf,FALSE
1,1941658,1941658,0,1,Inf,FALSE
1,1944847,1945847,0,1,Inf,FALSE
1,1946347,1956347,0,1,Inf,FALSE
1,1951347,1961347,0,1,Inf,FALSE
1,1951827,1951827,0,1,Inf,FALSE
1,1956347,1966347,2.02358491850252,0.699653979238754,Inf,FALSE
1,1960388,1960388,0,1,Inf,FALSE
1,1961347,1966347,1.83503186058047,0.699653979238754,Inf,FALSE
1,1961347,1971347,1.67404939575985,0.699653979238754,Inf,FALSE
1,1963847,1968847,1.27702482475635,0.699653979238754,Inf,FALSE
1,1964847,1965847,0.080329101746863,0.699653979238754,Inf,FALSE
1,1965347,1966347,1.25061853050003,0.699653979238754,Inf,FALSE
1,1966244,1966244,0,1,Inf,FALSE
1,1966347,1971347,0.936080325474556,0.699653979238754,Inf,FALSE
1,1966347,1976347,0.736338604828857,0.699653979238754,Inf,FALSE
1,1966659,1966659,0,1,Inf,FALSE
1,1967014,1967014,1.46795721292603,0.699653979238754,Inf,FALSE
1,1967847,1968847,1.08037671656973,0.699653979238754,Inf,FALSE
1,1968347,1969347,0,1,Inf,FALSE
1,1968847,1973847,0.968148424841367,0.699653979238754,Inf,FALSE
1,1971347,1976347,0,1,Inf,FALSE
1,1971347,1981347,0.506301385732044,0.699653979238754,Inf,FALSE
1,1973847,1978847,0,1,Inf,FALSE
1,1976347,1981347,0.609536590570301,0.699653979238754,Inf,FALSE
1,1976347,1986347,0,1,Inf,FALSE
1,1978847,1983847,0,1,Inf,FALSE
1,1979724,1979724,0,1,Inf,FALSE
1,1980000,1980000,0,1,Inf,FALSE
1,1981118,1981118,0.380864746185621,0.699653979238754,Inf,FALSE
1,1981347,1986347,0,1,Inf,FALSE
1,1981347,1991347,0,1,Inf,FALSE
1,1982347,1983347,0,1,Inf,FALSE
1,1982847,1983847,0,1,Inf,FALSE
1,1983208,1983208,0,1,Inf,FALSE
1,1983847,1988847,0,1,Inf,FALSE
1,1986347,1991347,0,1,Inf,FALSE
1,1986347,1996347,0,1,Inf,FALSE
1,1986754,1986754,0,1,Inf,FALSE
1,1987762,1987762,0.283683952945523,0.699653979238754,Inf,FALSE
1,1988347,1989347,0,1,Inf,FALSE
1,1988847,1993847,0,1,Inf,FALSE
1,1989847,1990847,0,1,Inf,FALSE
1,1991347,1996347,0,1,Inf,FALSE
1,1991347,2001347,0.635678064781953,0.699653979238754,Inf,FALSE
1,1993847,1998847,0,1,Inf,FALSE
1,1994110,1994110,0,1,Inf,FALSE
1,1996347,2001347,0.637901817003926,0.699653979238754,Inf,FALSE
1,1996347,2006347,0.650219247227906,0.699653979238754,Inf,FALSE
1,1998847,2003847,0.819509765083283,0.699653979238754,Inf,FALSE
1,1998878,1998878,0,1,Inf,FALSE
1,1999347,2000347,0,1,Inf,FALSE
1,1999847,2000847,1.29259069856834,0.699653979238754,Inf,FALSE
1,2000288,2000288,0,1,Inf,FALSE
1,2000347,2001347,0.0115381736881389,0.699653979238754,Inf,FALSE
1,2001347,2006347,0,1,Inf,FALSE
1,2001347,2011347,0,1,Inf,FALSE
1,2003847,2008847,0,1,Inf,FALSE
1,2006347,2011347,0,1,Inf,FALSE
1,2006347,2016347,0,1,Inf,FALSE
1,2008847,2013847,0,1,Inf,FALSE
1,2008959,2008959,0.27027581641285,0.699653979238754,Inf,FALSE
1,2009294,2009294,0,1,Inf,FALSE
1,2009347,2010347,0,1,Inf,FALSE
1,2010847,2011847,0,1,Inf,FALSE
1,2011347,2016347,0,1,Inf,FALSE
1,2011347,2021347,0,1,Inf,FALSE
1,2013847,2018847,0,1,Inf,FALSE
1,2016347,2021347,0,1,Inf,FALSE
1,2016347,2026347,0,1,Inf,FALSE
1,2018847,2023847,0,1,Inf,FALSE
1,2021347,2026347,0,1,Inf,FALSE
1,2021347,2031347,0,1,Inf,FALSE
1,2023847,2028847,0,1,Inf,FALSE
1,2026347,2036347,1.86846737509316,0.699653979238754,Inf,FALSE
1,2027859,2027859,0,1,Inf,FALSE
1,2028557,2028557,0,1,Inf,FALSE
1,2031347,2036347,2.21128837012809,0.699653979238754,Inf,FALSE
1,2031347,2041347,1.30611319561856,0.699653979238754,Inf,FALSE
1,2033847,2038847,1.6580081314336,0.699653979238754,Inf,FALSE
1,2034953,2034953,0,1,Inf,FALSE
1,2036347,2041347,0,1,Inf,FALSE
1,2036347,2046347,0,1,Inf,FALSE
1,2036597,2036597,0,1,Inf,FALSE
1,2037028,2037028,0,1,Inf,FALSE
1,2038732,2038732,0,1,Inf,FALSE
1,2038847,2043847,0,1,Inf,FALSE
1,2039347,2040347,0,1,Inf,FALSE
1,2039847,2040847,0,1,Inf,FALSE
1,2041347,2046347,0.327303764458185,0.699653979238754,Inf,FALSE
1,2041347,2051347,0.12594767089222,0.699653979238754,Inf,FALSE
1,2043847,2048847,0.0439469632069033,0.699653979238754,Inf,FALSE
1,2045941,2045941,0,1,Inf,FALSE
1,2046347,2051347,0,1,Inf,FALSE
1,2046347,2056347,0,1,Inf,FALSE
1,2048847,2053847,0,1,Inf,FALSE
1,2051347,2052347,0,1,Inf,FALSE
1,2051347,2056347,0,1,Inf,FALSE
1,2051347,2061347,0,1,Inf,FALSE
1,2053847,2058847,0,1,Inf,FALSE
1,2055347,2056347,0,1,Inf,FALSE
1,2055826,2055826,0,1,Inf,FALSE
1,2055847,2056847,0,1,Inf,FALSE
1,2056347,2057347,0,1,Inf,FALSE
1,2056347,2061347,0,1,Inf,FALSE
1,2056347,2066347,0.11788142568065,0.699653979238754,Inf,FALSE
1,2056847,2057847,0,1,Inf,FALSE
1,2057347,2058347,0,1,Inf,FALSE
1,2057925,2057925,0,1,Inf,FALSE
1,2058847,2063847,0,1,Inf,FALSE
1,2060058,2060058,0,1,Inf,FALSE
1,2060847,2061847,0,1,Inf,FALSE
1,2061347,2066347,0,1,Inf,FALSE
1,2061347,2071347,0,1,Inf,FALSE
1,2062347,2063347,0,1,Inf,FALSE
1,2063847,2068847,0.647542442581398,0.699653979238754,Inf,FALSE
1,2064347,2065347,0.911503252656954,0.699653979238754,Inf,FALSE
1,2065579,2065579,0,1,Inf,FALSE
1,2066347,2076347,0,1,Inf,FALSE
1,2066990,2066990,0.463573044786959,0.699653979238754,Inf,FALSE
1,2067708,2067708,0.472378196466176,0.699653979238754,Inf,FALSE
1,2068847,2073847,0,1,Inf,FALSE
1,2071347,2076347,0,1,Inf,FALSE
1,2071347,2081347,0,1,Inf,FALSE
1,2073742,2073742,0,1,Inf,FALSE
1,2073847,2078847,0.27835948725894,0.699653979238754,Inf,FALSE
1,2076055,2076055,0,1,Inf,FALSE
1,2076347,2081347,0,1,Inf,FALSE
1,2076347,2086347,0,1,Inf,FALSE
1,2081347,2091347,0,1,Inf,FALSE
1,2082868,2082868,0.583372053561522,0.699653979238754,Inf,FALSE
1,2086347,2091347,0,1,Inf,FALSE
1,2086347,2096347,0,1,Inf,FALSE
1,2088847,2089847,0,1,Inf,FALSE
1,2088847,2093847,0,1,Inf,FALSE
1,2091347,2096347,1.06135932706308,0.699653979238754,Inf,FALSE
1,2091347,2101347,0,1,Inf,FALSE
1,2091762,2091762,0.920861736924344,0.699653979238754,Inf,FALSE
1,2093847,2094847,0.510036393207004,0.699653979238754,Inf,FALSE
1,2093847,2098847,0,1,Inf,FALSE
1,2096347,2101347,0,1,Inf,FALSE
1,2096347,2106347,0,1,Inf,FALSE
1,2101347,2111347,0,1,Inf,FALSE
1,2103847,2108847,0,1,Inf,FALSE
1,2104908,2104908,0,1,Inf,FALSE
1,2106347,2111347,0,1,Inf,FALSE
1,2106347,2116347,0,1,Inf,FALSE
1,2108847,2113847,0,1,Inf,FALSE
1,2111347,2116347,0.440749267634959,0.699653979238754,Inf,FALSE
1,2111347,2121347,0,1,Inf,FALSE
1,2113847,2118847,0,1,Inf,FALSE
1,2114271,2114271,0,1,Inf,FALSE
1,2114347,2115347,0.593496841356205,0.699653979238754,Inf,FALSE
1,2116347,2117347,0,1,Inf,FALSE
1,2116347,2121347,0,1,Inf,FALSE
1,2116347,2126347,0,1,Inf,FALSE
1,2116847,2117847,0,1,Inf,FALSE
1,2121347,2126347,0,1,Inf,FALSE
1,2121347,2131347,0,1,Inf,FALSE
1,2122961,2122961,0,1,Inf,FALSE
1,2126347,2131347,0,1,Inf,FALSE
1,2126347,2136347,0,1,Inf,FALSE
1,2128225,2128225,0,1,Inf,FALSE
1,2128847,2129847,0,1,Inf,FALSE
1,2128847,2133847,0,1,Inf,FALSE
1,2131347,2136347,0,1,Inf,FALSE
1,2131347,2141347,0,1,Inf,FALSE
1,2131847,2132847,0.734562358851037,0.699653979238754,Inf,FALSE
1,2133847,2138847,0,1,Inf,FALSE
1,2135347,2136347,0,1,Inf,FALSE
1,2136347,2141347,0,1,Inf,FALSE
1,2136347,2146347,0,1,Inf,FALSE
1,2138847,2143847,0,1,Inf,FALSE
1,2140347,2141347,0,1,Inf,FALSE
1,2140847,2141847,0,1,Inf,FALSE
1,2141347,2146347,0,1,Inf,FALSE
1,2143847,2148847,0,1,Inf,FALSE
1,2144347,2145347,0,1,Inf,FALSE
1,2145347,2146347,0,1,Inf,FALSE
1,2146347,2156347,0,1,Inf,FALSE
1,2148847,2153847,0,1,Inf,FALSE
1,2149682,2149682,0.181088193319094,0.699653979238754,Inf,FALSE
1,2151347,2152347,0.632577384243742,0.699653979238754,Inf,FALSE
1,2151347,2161347,0,1,Inf,FALSE
1,2152347,2153347,0,1,Inf,FALSE
1,2153847,2158847,0,1,Inf,FALSE
1,2155210,2155210,0,1,Inf,FALSE
1,2155347,2156347,0,1,Inf,FALSE
1,2156347,2166347,0,1,Inf,FALSE
1,2158847,2163847,0.427265097349257,0.699653979238754,Inf,FALSE
1,2160390,2160390,0.322789672434778,0.699653979238754,Inf,FALSE
1,2160661,2160661,0,1,Inf,FALSE
1,2161347,2171347,0,1,Inf,FALSE
1,2161490,2161490,0,1,Inf,FALSE
1,2163847,2168847,0,1,Inf,FALSE
1,2164935,2164935,0.355542221135813,0.699653979238754,Inf,FALSE
1,2166347,2176347,0.0611844037080949,0.699653979238754,Inf,FALSE
1,2168359,2168359,0,1,Inf,FALSE
1,2168847,2173847,0.295078767284233,0.699653979238754,Inf,FALSE
1,2169829,2169829,0.617795040066725,0.699653979238754,Inf,FALSE
1,2171347,2181347,0.516433669728076,0.699653979238754,Inf,FALSE
1,2176347,2186347,0,1,Inf,FALSE
1,2180528,2180528,0.647254072583785,0.699653979238754,Inf,FALSE
1,2181347,2191347,0,1,Inf,FALSE
1,2186347,2196347,0,1,Inf,FALSE
1,2188566,2188566,0,1,Inf,FALSE
1,2188679,2188679,1.29514885131892,0.699653979238754,Inf,FALSE
1,2191347,2196347,0,1,Inf,FALSE
1,2191347,2201347,0,1,Inf,FALSE
1,2193847,2198847,0,1,Inf,FALSE
1,2195847,2196847,0,1,Inf,FALSE
1,2196347,2201347,0,1,Inf,FALSE
1,2196347,2206347,0,1,Inf,FALSE
1,2198847,2203847,0.665724085824453,0.699653979238754,Inf,FALSE
1,2200847,2201847,0,1,Inf,FALSE
1,2201347,2206347,0,1,Inf,FALSE
1,2201347,2211347,0,1,Inf,FALSE
1,2202347,2203347,1.36548810556679,0.699653979238754,Inf,FALSE
1,2203847,2208847,0,1,Inf,FALSE
1,2204847,2205847,2.23165228007709,0.699653979238754,Inf,FALSE
1,2206347,2211347,0,1,Inf,FALSE
1,2206347,2216347,0,1,Inf,FALSE
1,2208847,2213847,0,1,Inf,FALSE
1,2209347,2210347,0,1,Inf,FALSE
1,2209847,2210847,0,1,Inf,FALSE
1,2215646,2220646,0,1,Inf,FALSE
1,2215646,2225646,1.57743131614049,0.699653979238754,Inf,FALSE
1,2215913,2215913,0,1,Inf,FALSE
1,2216146,2217146,0,1,Inf,FALSE
1,2216646,2217646,0,1,Inf,FALSE
1,2217146,2218146,0,1,Inf,FALSE
1,2218034,2218034,0,1,Inf,FALSE
1,2218146,2223146,0,1,Inf,FALSE
1,2219880,2219880,0,1,Inf,FALSE
1,2220646,2225646,2.43346433810212,0.699653979238754,Inf,FALSE
1,2220646,2230646,0,1,Inf,FALSE
1,2221838,2221838,0,1,Inf,FALSE
1,2221975,2221975,0,1,Inf,FALSE
1,2222560,2222560,0,1,Inf,FALSE
1,2223146,2228146,0,1,Inf,FALSE
1,2223646,2224646,2.80239560134359,0.699653979238754,Inf,FALSE
1,2224146,2225146,0,1,Inf,FALSE
1,2224367,2224367,0,1,Inf,FALSE
1,2224646,2225646,1.09395566492995,0.699653979238754,Inf,FALSE
1,2225146,2226146,0.469230518771533,0.699653979238754,Inf,FALSE
1,2225646,2226646,0,1,Inf,FALSE
1,2225646,2230646,0,1,Inf,FALSE
1,2225646,2235646,0,1,Inf,FALSE
1,2226146,2227146,0,1,Inf,FALSE
1,2226646,2227646,0,1,Inf,FALSE
1,2227675,2227675,0,1,Inf,FALSE
1,2228146,2229146,0,1,Inf,FALSE
1,2228146,2233146,0,1,Inf,FALSE
1,2228646,2229646,0,1,Inf,FALSE
1,2229146,2230146,0,1,Inf,FALSE
1,2229156,2229156,0,1,Inf,FALSE
1,2229646,2230646,0,1,Inf,FALSE
1,2230646,2235646,0,1,Inf,FALSE
1,2230646,2240646,0,1,Inf,FALSE
1,2231146,2232146,0.395641837883502,0.699653979238754,Inf,FALSE
1,2233146,2238146,0,1,Inf,FALSE
1,2234146,2235146,0,1,Inf,FALSE
1,2234646,2235646,0,1,Inf,FALSE
1,2235019,2235019,1.08404715149398,0.699653979238754,Inf,FALSE
1,2235146,2236146,0,1,Inf,FALSE
1,2235646,2240646,0,1,Inf,FALSE
1,2235646,2245646,0,1,Inf,FALSE
1,2236146,2237146,0,1,Inf,FALSE
1,2236359,2236359,0,1,Inf,FALSE
1,2236646,2237646,0,1,Inf,FALSE
1,2237020,2237020,0,1,Inf,FALSE
1,2237146,2238146,0,1,Inf,FALSE
1,2237646,2238646,0,1,Inf,FALSE
1,2238146,2243146,0,1,Inf,FALSE
1,2238727,2238727,0,1,Inf,FALSE
1,2239646,2240646,0,1,Inf,FALSE
1,2240074,2240074,0,1,Inf,FALSE
1,2240646,2245646,0,1,Inf,FALSE
1,2240646,2250646,0.051957741149211,0.699653979238754,Inf,FALSE
1,2243146,2248146,0,1,Inf,FALSE
1,2244646,2245646,0,1,Inf,FALSE
1,2245146,2246146,0,1,Inf,FALSE
1,2245646,2246646,0.185535396716911,0.699653979238754,Inf,FALSE
1,2245646,2250646,0,1,Inf,FALSE
1,2245646,2255646,0.118282542378289,0.699653979238754,Inf,FALSE
1,2246193,2246193,0.547131325829866,0.699653979238754,Inf,FALSE
1,2248146,2253146,0.151866679785943,0.699653979238754,Inf,FALSE
1,2250646,2255646,0.0808521056455973,0.699653979238754,Inf,FALSE
1,2250646,2260646,0,1,Inf,FALSE
1,2252646,2253646,0.0295817975819072,0.699653979238754,Inf,FALSE
1,2253146,2254146,0.0239703626537319,0.699653979238754,Inf,FALSE
1,2253146,2258146,0,1,Inf,FALSE
1,2253327,2253327,0,1,Inf,FALSE
1,2253369,2253369,0,1,Inf,FALSE
1,2253646,2254646,0,1,Inf,FALSE
1,2254146,2255146,0,1,Inf,FALSE
1,2254500,2254500,0,1,Inf,FALSE
1,2254516,2254516,1.68471568185619,0.699653979238754,Inf,FALSE
1,2255646,2260646,0,1,Inf,FALSE
1,2255646,2265646,0,1,Inf,FALSE
1,2256011,2256011,0,1,Inf,FALSE
1,2256290,2256290,0,1,Inf,FALSE
1,2256460,2256460,0,1,Inf,FALSE
1,2256738,2256738,0,1,Inf,FALSE
1,2258146,2263146,0,1,Inf,FALSE
1,2259146,2260146,0,1,Inf,FALSE
1,2259646,2260646,0,1,Inf,FALSE
1,2260146,2261146,0,1,Inf,FALSE
1,2260646,2265646,0,1,Inf,FALSE
1,2260646,2270646,0,1,Inf,FALSE
1,2261983,2261983,0.673750408106329,0.699653979238754,Inf,FALSE
1,2262646,2263646,0,1,Inf,FALSE
1,2263146,2268146,1.48579120046827,0.699653979238754,Inf,FALSE
1,2265646,2270646,1.87394114496498,0.699653979238754,Inf,FALSE
1,2265646,2275646,1.24472741976167,0.699653979238754,Inf,FALSE
1,2266146,2267146,1.65694982298926,0.699653979238754,Inf,FALSE
1,2266231,2266231,0,1,Inf,FALSE
1,2267297,2267297,0,1,Inf,FALSE
1,2267392,2267392,0,1,Inf,FALSE
1,2268146,2273146,0,1,Inf,FALSE
1,2268646,2269646,1.05503033574758,0.699653979238754,Inf,FALSE
1,2269050,2269050,0,1,Inf,FALSE
1,2269146,2270146,0,1,Inf,FALSE
1,2269881,2269881,0,1,Inf,FALSE
1,2270646,2275646,0,1,Inf,FALSE
1,2270646,2280646,0,1,Inf,FALSE
1,2271674,2271674,0,1,Inf,FALSE
1,2273146,2278146,0,1,Inf,FALSE
1,2273591,2273591,0,1,Inf,FALSE
1,2273620,2273620,0,1,Inf,FALSE
1,2275646,2280646,0,1,Inf,FALSE
1,2275646,2285646,0,1,Inf,FALSE
1,2277001,2277001,0,1,Inf,FALSE
1,2277827,2277827,0,1,Inf,FALSE
1,2278115,2278115,0.95791342816607,0.699653979238754,Inf,FALSE
1,2278146,2279146,0,1,Inf,FALSE
1,2278146,2283146,0,1,Inf,FALSE
1,2279434,2279434,0,1,Inf,FALSE
1,2279832,2279832,0,1,Inf,FALSE
1,2279986,2279986,0,1,Inf,FALSE
1,2280646,2285646,0.076017301143978,0.699653979238754,Inf,FALSE
1,2280646,2290646,0,1,Inf,FALSE
1,2281978,2281978,0,1,Inf,FALSE
1,2282646,2283646,0.0695247839891209,0.699653979238754,Inf,FALSE
1,2282680,2282680,0,1,Inf,FALSE
1,2283146,2288146,0,1,Inf,FALSE
1,2284864,2284864,1.31894518283494,0.699653979238754,Inf,FALSE
1,2285646,2290646,0,1,Inf,FALSE
1,2285646,2295646,0,1,Inf,FALSE
1,2287646,2288646,0,1,Inf,FALSE
1,2288146,2293146,0,1,Inf,FALSE
1,2290646,2295646,0,1,Inf,FALSE
1,2290646,2300646,0,1,Inf,FALSE
1,2292646,2293646,0,1,Inf,FALSE
1,2292653,2292653,1.7209890833766,0.699653979238754,Inf,FALSE
1,2293146,2298146,0,1,Inf,FALSE
1,2295646,2300646,0.0899791109598024,0.699653979238754,Inf,FALSE
1,2295646,2305646,0,1,Inf,FALSE
1,2298146,2303146,0,1,Inf,FALSE
1,2298646,2299646,0.276308691430137,0.699653979238754,Inf,FALSE
1,2300146,2301146,0.117806934694292,0.699653979238754,Inf,FALSE
1,2300646,2301646,0,1,Inf,FALSE
1,2300646,2305646,0,1,Inf,FALSE
1,2300646,2310646,0,1,Inf,FALSE
1,2301212,2301212,0,1,Inf,FALSE
1,2301646,2302646,0,1,Inf,FALSE
1,2303146,2308146,0,1,Inf,FALSE
1,2304000,2304000,0,1,Inf,FALSE
1,2305146,2306146,0,1,Inf,FALSE
1,2305646,2306646,0,1,Inf,FALSE
1,2305646,2310646,0.332426461360302,0.699653979238754,Inf,FALSE
1,2305646,2315646,0,1,Inf,FALSE
1,2306152,2306152,0,1,Inf,FALSE
1,2306831,2306831,0.40722660900551,0.699653979238754,Inf,FALSE
1,2307083,2307083,0.416487377021455,0.699653979238754,Inf,FALSE
1,2307146,2308146,1.16215246192483,0.699653979238754,Inf,FALSE
1,2307646,2308646,0.867277741658003,0.699653979238754,Inf,FALSE
1,2308146,2309146,0,1,Inf,FALSE
1,2308146,2313146,0,1,Inf,FALSE
1,2308517,2308517,0,1,Inf,FALSE
1,2310146,2311146,0,1,Inf,FALSE
1,2310646,2311646,0,1,Inf,FALSE
1,2310646,2315646,0,1,Inf,FALSE
1,2310646,2320646,0,1,Inf,FALSE
1,2311146,2312146,0,1,Inf,FALSE
1,2311393,2311393,0,1,Inf,FALSE
1,2312395,2312395,0.720568803164547,0.699653979238754,Inf,FALSE
1,2313146,2318146,0,1,Inf,FALSE
1,2313646,2314646,0,1,Inf,FALSE
1,2315438,2315438,0,1,Inf,FALSE
1,2315646,2320646,0,1,Inf,FALSE
1,2315646,2325646,0,1,Inf,FALSE
1,2315717,2315717,0,1,Inf,FALSE
1,2318146,2323146,0,1,Inf,FALSE
1,2318709,2318709,0,1,Inf,FALSE
1,2320646,2325646,0,1,Inf,FALSE
1,2320646,2330646,0,1,Inf,FALSE
1,2323146,2328146,0,1,Inf,FALSE
1,2325146,2326146,0,1,Inf,FALSE
1,2325371,2325371,0,1,Inf,FALSE
1,2325646,2326646,0,1,Inf,FALSE
1,2325646,2330646,0,1,Inf,FALSE
1,2325646,2335646,0,1,Inf,FALSE
1,2325760,2325760,0,1,Inf,FALSE
1,2326812,2326812,0,1,Inf,FALSE
1,2328146,2329146,0,1,Inf,FALSE
1,2328146,2333146,0,1,Inf,FALSE
1,2329212,2329212,0,1,Inf,FALSE
1,2329413,2329413,0.668817578338618,0.699653979238754,Inf,FALSE
1,2329808,2329808,0,1,Inf,FALSE
1,2330646,2335646,0.567510259419453,0.699653979238754,Inf,FALSE
1,2330646,2340646,0.291581156493216,0.699653979238754,Inf,FALSE
1,2331146,2332146,0.895162068438812,0.699653979238754,Inf,FALSE
1,2333146,2338146,0.31229903338606,0.699653979238754,Inf,FALSE
1,2335646,2340646,0.0952976922886149,0.699653979238754,Inf,FALSE
1,2335646,2345646,0,1,Inf,FALSE
1,2337146,2338146,0,1,Inf,FALSE
1,2338146,2343146,0,1,Inf,FALSE
1,2340646,2345646,0,1,Inf,FALSE
1,2340646,2350646,0,1,Inf,FALSE
1,2341646,2342646,0,1,Inf,FALSE
1,2343146,2348146,0,1,Inf,FALSE
1,2344042,2344042,0,1,Inf,FALSE
1,2345646,2350646,0,1,Inf,FALSE
1,2345646,2355646,0,1,Inf,FALSE
1,2346146,2347146,0,1,Inf,FALSE
1,2346646,2347646,0,1,Inf,FALSE
1,2347146,2348146,0,1,Inf,FALSE
1,2348146,2353146,0,1,Inf,FALSE
1,2350146,2351146,0,1,Inf,FALSE
1,2350646,2355646,0,1,Inf,FALSE
1,2350646,2360646,0,1,Inf,FALSE
1,2350912,2350912,0,1,Inf,FALSE
1,2352280,2352280,0,1,Inf,FALSE
1,2353146,2354146,0.178029670061344,0.699653979238754,Inf,FALSE
1,2353146,2358146,0,1,Inf,FALSE
1,2353646,2354646,0.0692730357866115,0.699653979238754,Inf,FALSE
1,2353972,2353972,0.890793496025879,0.699653979238754,Inf,FALSE
1,2354016,2354016,1.05377287230059,0.699653979238754,Inf,FALSE
1,2354146,2355146,0,1,Inf,FALSE
1,2355563,2355563,0,1,Inf,FALSE
1,2355646,2356646,0,1,Inf,FALSE
1,2355646,2360646,0,1,Inf,FALSE
1,2355646,2365646,0,1,Inf,FALSE
1,2357367,2357367,0,1,Inf,FALSE
1,2357810,2357810,0.886502420377149,0.699653979238754,Inf,FALSE
1,2358146,2363146,0,1,Inf,FALSE
1,2358646,2359646,0.17191477358858,0.699653979238754,Inf,FALSE
1,2359146,2360146,0,1,Inf,FALSE
1,2359646,2360646,0,1,Inf,FALSE
1,2360646,2365646,0,1,Inf,FALSE
1,2360646,2370646,0,1,Inf,FALSE
1,2360656,2360656,0,1,Inf,FALSE
1,2362764,2362764,0,1,Inf,FALSE
1,2363146,2368146,0,1,Inf,FALSE
1,2363327,2363327,0,1,Inf,FALSE
1,2363646,2364646,0,1,Inf,FALSE
1,2364146,2365146,0,1,Inf,FALSE
1,2364646,2365646,0,1,Inf,FALSE
1,2365646,2366646,0,1,Inf,FALSE
1,2365646,2370646,0,1,Inf,FALSE
1,2365646,2375646,0,1,Inf,FALSE
1,2366316,2366316,0.241039780896831,0.699653979238754,Inf,FALSE
1,2368146,2369146,0,1,Inf,FALSE
1,2368146,2373146,0,1,Inf,FALSE
1,2368646,2369646,0,1,Inf,FALSE
1,2369146,2370146,0,1,Inf,FALSE
1,2370646,2375646,0,1,Inf,FALSE
1,2370646,2380646,0,1,Inf,FALSE
1,2371646,2372646,0.198452617336903,0.699653979238754,Inf,FALSE
1,2372940,2372940,0,1,Inf,FALSE
1,2373146,2374146,0,1,Inf,FALSE
1,2373146,2378146,0,1,Inf,FALSE
1,2373646,2374646,0,1,Inf,FALSE
1,2373987,2373987,1.79586116734894,0.699653979238754,Inf,FALSE
1,2375646,2380646,0,1,Inf,FALSE
1,2375646,2385646,0,1,Inf,FALSE
1,2378146,2383146,0.16308525033067,0.699653979238754,Inf,FALSE
1,2379065,2379065,0.813686365315439,0.699653979238754,Inf,FALSE
1,2380646,2385646,0.609909656460857,0.699653979238754,Inf,FALSE
1,2380646,2390646,0.343901926364212,0.699653979238754,Inf,FALSE
1,2383146,2384146,1.26845058018125,0.699653979238754,Inf,FALSE
1,2385646,2390646,0,1,Inf,FALSE
1,2385646,2395646,0.429173639829544,0.699653979238754,Inf,FALSE
1,2388146,2393146,0.43702809134396,0.699653979238754,Inf,FALSE
1,2390646,2395646,0.46455627552541,0.699653979238754,Inf,FALSE
1,2390646,2400646,0,1,Inf,FALSE
1,2391146,2392146,0.60721701762941,0.699653979238754,Inf,FALSE
1,2391646,2392646,0.777367684841011,0.699653979238754,Inf,FALSE
1,2393146,2394146,0,1,Inf,FALSE
1,2393146,2398146,0,1,Inf,FALSE
1,2393562,2393562,1.83811713799572,0.699653979238754,Inf,FALSE
1,2394074,2394074,0,1,Inf,FALSE
1,2395146,2396146,0,1,Inf,FALSE
1,2395646,2400646,0,1,Inf,FALSE
1,2395646,2405646,0,1,Inf,FALSE
1,2397146,2398146,0,1,Inf,FALSE
1,2398146,2403146,0.62940462656812,0.699653979238754,Inf,FALSE
1,2400646,2405646,0.218858900400481,0.699653979238754,Inf,FALSE
1,2400646,2410646,0,1,Inf,FALSE
1,2403146,2408146,0,1,Inf,FALSE
1,2405146,2406146,0,1,Inf,FALSE
1,2405646,2406646,0,1,Inf,FALSE
1,2405646,2410646,0,1,Inf,FALSE
1,2405646,2415646,0,1,Inf,FALSE
1,2406146,2407146,0,1,Inf,FALSE
1,2406646,2407646,0.0909330930578903,0.699653979238754,Inf,FALSE
1,2408146,2413146,0,1,Inf,FALSE
1,2408834,2408834,0,1,Inf,FALSE
1,2409276,2409276,0.321538823068646,0.699653979238754,Inf,FALSE
1,2409646,2410646,0,1,Inf,FALSE
1,2410646,2411646,0,1,Inf,FALSE
1,2410646,2415646,0,1,Inf,FALSE
1,2410646,2420646,0,1,Inf,FALSE
1,2410711,2410711,0,1,Inf,FALSE
1,2412146,2413146,0,1,Inf,FALSE
1,2413146,2418146,0.544439027983039,0.699653979238754,Inf,FALSE
1,2415646,2425646,0.116638749679368,0.699653979238754,Inf,FALSE
1,2418146,2423146,0,1,Inf,FALSE
1,2420646,2421646,0.420896398081298,0.699653979238754,Inf,FALSE
1,2420646,2425646,0.186819449947693,0.699653979238754,Inf,FALSE
1,2420646,2430646,0.0694065088692465,0.699653979238754,Inf,FALSE
1,2421146,2422146,0.36679897814473,0.699653979238754,Inf,FALSE
1,2423146,2424146,0,1,Inf,FALSE
1,2423146,2428146,0.0335624934481755,0.699653979238754,Inf,FALSE
1,2423646,2424646,0,1,Inf,FALSE
1,2424146,2425146,0,1,Inf,FALSE
1,2424319,2424319,0,1,Inf,FALSE
1,2424646,2425646,0,1,Inf,FALSE
1,2425048,2425048,0,1,Inf,FALSE
1,2425146,2426146,0,1,Inf,FALSE
1,2425646,2430646,0,1,Inf,FALSE
1,2425646,2435646,0,1,Inf,FALSE
1,2426047,2426047,0,1,Inf,FALSE
1,2430646,2440646,0,1,Inf,FALSE
1,2433146,2438146,0,1,Inf,FALSE
1,2433894,2433894,0,1,Inf,FALSE
1,2435646,2440646,0,1,Inf,FALSE
1,2435646,2445646,0,1,Inf,FALSE
1,2437146,2438146,0,1,Inf,FALSE
1,2437646,2438646,0,1,Inf,FALSE
1,2438146,2443146,0,1,Inf,FALSE
1,2438167,2438167,0,1,Inf,FALSE
1,2438353,2438353,1.13487160694155,0.699653979238754,Inf,FALSE
1,2438653,2438653,0,1,Inf,FALSE
1,2438768,2438768,0.176660491959288,0.699653979238754,Inf,FALSE
1,2440146,2441146,0,1,Inf,FALSE
1,2440646,2441646,0,1,Inf,FALSE
1,2440646,2445646,0,1,Inf,FALSE
1,2440646,2450646,0,1,Inf,FALSE
1,2443146,2444146,0,1,Inf,FALSE
1,2443146,2448146,0,1,Inf,FALSE
1,2443646,2444646,0.331988829041412,0.699653979238754,Inf,FALSE
1,2443655,2443655,0.631213888652776,0.699653979238754,Inf,FALSE
1,2444146,2445146,0,1,Inf,FALSE
1,2444935,2444935,0,1,Inf,FALSE
1,2445646,2450646,0,1,Inf,FALSE
1,2445646,2455646,0,1,Inf,FALSE
1,2448146,2453146,0.0191015526332621,0.699653979238754,Inf,FALSE
1,2450646,2455646,0,1,Inf,FALSE
1,2450646,2460646,0,1,Inf,FALSE
1,2451146,2452146,0.0891842849875173,0.699653979238754,Inf,FALSE
1,2451646,2452646,0,1,Inf,FALSE
1,2453146,2454146,0,1,Inf,FALSE
1,2453146,2458146,0,1,Inf,FALSE
1,2453646,2454646,0,1,Inf,FALSE
1,2454146,2455146,0,1,Inf,FALSE
1,2454646,2455646,0,1,Inf,FALSE
1,2455646,2460646,0,1,Inf,FALSE
1,2455646,2465646,0,1,Inf,FALSE
1,2456954,2456954,0,1,Inf,FALSE
1,2458010,2458010,0,1,Inf,FALSE
1,2458146,2463146,0,1,Inf,FALSE
1,2459146,2460146,0,1,Inf,FALSE
1,2459646,2460646,0,1,Inf,FALSE
1,2460646,2470646,0,1,Inf,FALSE
1,2465646,2470646,0,1,Inf,FALSE
1,2465646,2475646,0,1,Inf,FALSE
1,2467764,2467764,0,1,Inf,FALSE
1,2468146,2469146,0,1,Inf,FALSE
1,2468146,2473146,0,1,Inf,FALSE
1,2468646,2469646,0,1,Inf,FALSE
1,2469146,2470146,0,1,Inf,FALSE
1,2470646,2471646,0,1,Inf,FALSE
1,2470646,2475646,0,1,Inf,FALSE
1,2470646,2480646,0,1,Inf,FALSE
1,2473146,2478146,0,1,Inf,FALSE
1,2474225,2474225,0,1,Inf,FALSE
1,2475146,2476146,0,1,Inf,FALSE
1,2475646,2476646,0,1,Inf,FALSE
1,2475646,2485646,0,1,Inf,FALSE
1,2480646,2485646,0,1,Inf,FALSE
1,2480646,2490646,0,1,Inf,FALSE
1,2482646,2483646,0,1,Inf,FALSE
1,2482834,2482834,0.655821960636191,0.699653979238754,Inf,FALSE
1,2483146,2488146,0,1,Inf,FALSE
1,2483298,2483298,0.952155180051184,0.699653979238754,Inf,FALSE
1,2485646,2490646,0,1,Inf,FALSE
1,2485646,2495646,0,1,Inf,FALSE
1,2488146,2493146,0,1,Inf,FALSE
1,2488901,2488901,0,1,Inf,FALSE
1,2490646,2495646,0,1,Inf,FALSE
1,2490646,2500646,0,1,Inf,FALSE
1,2492665,2492665,0,1,Inf,FALSE
1,2495646,2505646,0,1,Inf,FALSE
1,2498146,2503146,0,1,Inf,FALSE
1,2500646,2505646,0,1,Inf,FALSE
1,2500646,2510646,0,1,Inf,FALSE
1,2503146,2508146,0.821331479630162,0.699653979238754,Inf,FALSE
1,2504281,2504281,0,1,Inf,FALSE
1,2504646,2505646,1.3165443375169,0.699653979238754,Inf,FALSE
1,2505146,2506146,1.25152983652511,0.699653979238754,Inf,FALSE
1,2505646,2506646,0.440867533759356,0.699653979238754,Inf,FALSE
1,2505646,2510646,0.0543832213712783,0.699653979238754,Inf,FALSE
1,2505646,2515646,0.0184634410593763,0.699653979238754,Inf,FALSE
1,2506146,2507146,0,1,Inf,FALSE
1,2506861,2506861,0.687855704494055,0.699653979238754,Inf,FALSE
1,2508146,2513146,0,1,Inf,FALSE
1,2510605,2510605,0,1,Inf,FALSE
1,2512456,2512456,0,1,Inf,FALSE
1,2520646,2530646,0.602181587299038,0.699653979238754,Inf,FALSE
1,2525646,2535646,0.298324248025123,0.699653979238754,Inf,FALSE
1,2527646,2528646,0,1,Inf,FALSE
1,2528146,2533146,0,1,Inf,FALSE
1,2529146,2530146,0.242194940859844,0.699653979238754,Inf,FALSE
1,2529283,2529283,0,1,Inf,FALSE
1,2530646,2535646,0.314561658511642,0.699653979238754,Inf,FALSE
1,2530646,2540646,0,1,Inf,FALSE
1,2532646,2533646,0.586544961700578,0.699653979238754,Inf,FALSE
1,2535496,2535496,1.02832195867311,0.699653979238754,Inf,FALSE
1,2535646,2545646,0,1,Inf,FALSE
1,2537072,2537072,0,1,Inf,FALSE
1,2540646,2545646,0,1,Inf,FALSE
1,2540646,2550646,0.0991305255967509,0.699653979238754,Inf,FALSE
1,2543146,2548146,0,1,Inf,FALSE
1,2545646,2550646,0.225070738761939,0.699653979238754,Inf,FALSE
1,2545646,2555646,0,1,Inf,FALSE
1,2546089,2546089,0,1,Inf,FALSE
1,2546593,2546593,0,1,Inf,FALSE
1,2546808,2546808,0.727239107804536,0.699653979238754,Inf,FALSE
1,2548146,2553146,0,1,Inf,FALSE
1,2550646,2555646,0,1,Inf,FALSE
1,2550646,2560646,0,1,Inf,FALSE
1,2551146,2552146,0,1,Inf,FALSE
1,2553146,2558146,0,1,Inf,FALSE
1,2553383,2553383,1.02769948452355,0.699653979238754,Inf,FALSE
1,2554010,2554010,0,1,Inf,FALSE
1,2555646,2556646,0,1,Inf,FALSE
1,2555646,2565646,0,1,Inf,FALSE
1,2556987,2556987,0,1,Inf,FALSE
1,2560646,2570646,0.422260339230812,0.699653979238754,Inf,FALSE
1,2563146,2568146,0,1,Inf,FALSE
1,2565646,2570646,0,1,Inf,FALSE
1,2566646,2567646,0,1,Inf,FALSE
1,2567222,2567222,0,1,Inf,FALSE
1,2568360,2568360,1.6684251863528,0.699653979238754,Inf,FALSE
1,2570646,2580646,0,1,Inf,FALSE
1,2575646,2585646,0,1,Inf,FALSE
1,2577646,2578646,0,1,Inf,FALSE
1,2578146,2583146,0,1,Inf,FALSE
1,2584510,2584510,0,1,Inf,FALSE
1,2610646,2620646,0,1,Inf,FALSE
1,2615646,2625646,0,1,Inf,FALSE
1,2618146,2623146,0,1,Inf,FALSE
1,2620646,2625646,0.431440494968119,0.699653979238754,Inf,FALSE
1,2620646,2630646,0,1,Inf,FALSE
1,2622646,2623646,0,1,Inf,FALSE
1,2623146,2624146,0.495047456278608,0.699653979238754,Inf,FALSE
1,2623146,2628146,0,1,Inf,FALSE
1,2625027,2625027,0.219381746452782,0.699653979238754,Inf,FALSE
1,2625071,2625071,0,1,Inf,FALSE
1,2625646,2630646,0,1,Inf,FALSE
1,2625646,2635646,0,1,Inf,FALSE
1,2628146,2633146,0,1,Inf,FALSE
1,2630146,2631146,0,1,Inf,FALSE
1,2630646,2631646,0,1,Inf,FALSE
1,2630646,2635646,0,1,Inf,FALSE
1,2631146,2632146,0,1,Inf,FALSE
1,2631646,2632646,1.0715355490536,0.699653979238754,Inf,FALSE
1,2685646,2695646,0.647990428353665,0.699653979238754,Inf,FALSE
1,2690646,2700646,0.870328639823714,0.699653979238754,Inf,FALSE
1,2695646,2705646,0,1,Inf,FALSE
1,2700646,2705646,0,1,Inf,FALSE
1,2700646,2710646,0,1,Inf,FALSE
1,2703146,2708146,0,1,Inf,FALSE
1,2707957,2707957,0,1,Inf,FALSE
1,2710646,2720646,0,1,Inf,FALSE
1,2715646,2725646,0,1,Inf,FALSE
1,2716146,2717146,0.359240964760086,0.699653979238754,Inf,FALSE
1,2716646,2717646,0,1,Inf,FALSE
1,2718146,2723146,0,1,Inf,FALSE
1,2720646,2725646,0,1,Inf,FALSE
1,2720646,2730646,0,1,Inf,FALSE
1,2722646,2723646,0,1,Inf,FALSE
1,2723146,2728146,0,1,Inf,FALSE
1,2725646,2726646,0,1,Inf,FALSE
1,2725646,2730646,0,1,Inf,FALSE
1,2725646,2735646,0,1,Inf,FALSE
1,2726146,2727146,0,1,Inf,FALSE
1,2728146,2733146,0,1,Inf,FALSE
1,2729646,2730646,0,1,Inf,FALSE
1,2730146,2731146,0,1,Inf,FALSE
1,2730646,2731646,0,1,Inf,FALSE
1,2730646,2735646,0,1,Inf,FALSE
1,2730646,2740646,0,1,Inf,FALSE
1,2733146,2738146,0,1,Inf,FALSE
1,2735146,2736146,0,1,Inf,FALSE
1,2735646,2736646,0,1,Inf,FALSE
1,2735646,2745646,0,1,Inf,FALSE
1,2737637,2737637,0,1,Inf,FALSE
1,2738146,2743146,0.643917892610982,0.699653979238754,Inf,FALSE
1,2745646,2755646,0,1,Inf,FALSE
1,2748146,2753146,0,1,Inf,FALSE
1,2750646,2760646,0,1,Inf,FALSE
1,2753146,2758146,0,1,Inf,FALSE
1,2753227,2753227,0.805673039629406,0.699653979238754,Inf,FALSE
1,2753870,2753870,1.31744781749412,0.699653979238754,Inf,FALSE
1,2755646,2760646,0,1,Inf,FALSE
1,2755646,2765646,0,1,Inf,FALSE
1,2756288,2756288,0.564514080154532,0.699653979238754,Inf,FALSE
1,2758146,2763146,0,1,Inf,FALSE
1,2760646,2765646,0,1,Inf,FALSE
1,2760646,2770646,0,1,Inf,FALSE
1,2761931,2761931,0,1,Inf,FALSE
1,2762910,2762910,0,1,Inf,FALSE
1,2765646,2770646,0,1,Inf,FALSE
1,2765646,2775646,0,1,Inf,FALSE
1,2768146,2773146,0,1,Inf,FALSE
1,2770146,2771146,0,1,Inf,FALSE
1,2770646,2771646,0,1,Inf,FALSE
1,2770646,2775646,0,1,Inf,FALSE
1,2770646,2780646,0,1,Inf,FALSE
1,2771544,2771544,0.732716302632731,0.699653979238754,Inf,FALSE
1,2773146,2778146,0,1,Inf,FALSE
1,2775646,2780646,0,1,Inf,FALSE
1,2775646,2785646,0,1,Inf,FALSE
1,2776761,2776761,1.26043488031281,0.699653979238754,Inf,FALSE
1,2777146,2778146,0,1,Inf,FALSE
1,2777646,2778646,0,1,Inf,FALSE
1,2778146,2779146,0,1,Inf,FALSE
1,2778146,2783146,0.508417073881344,0.699653979238754,Inf,FALSE
1,2780646,2790646,0.752134416835321,0.699653979238754,Inf,FALSE
1,2783146,2788146,0,1,Inf,FALSE
1,2783309,2783309,0,1,Inf,FALSE
1,2785646,2795646,0.488934657753799,0.699653979238754,Inf,FALSE
1,2786626,2786626,0.529010271412386,0.699653979238754,Inf,FALSE
1,2788146,2793146,0,1,Inf,FALSE
1,2790646,2795646,0,1,Inf,FALSE
1,2790646,2800646,0,1,Inf,FALSE
1,2791146,2792146,0.243555779166739,0.699653979238754,Inf,FALSE
1,2791646,2792646,0.17082409542534,0.699653979238754,Inf,FALSE
1,2792146,2793146,0,1,Inf,FALSE
1,2793146,2798146,0,1,Inf,FALSE
1,2794146,2795146,0,1,Inf,FALSE
1,2795646,2796646,0,1,Inf,FALSE
1,2795646,2800646,0,1,Inf,FALSE
1,2795646,2805646,0,1,Inf,FALSE
1,2797856,2797856,0,1,Inf,FALSE
1,2798146,2803146,0,1,Inf,FALSE
1,2798646,2799646,0.183043184377084,0.699653979238754,Inf,FALSE
1,2798727,2798727,0,1,Inf,FALSE
1,2799146,2800146,0,1,Inf,FALSE
1,2799646,2800646,0,1,Inf,FALSE
1,2800573,2800573,0,1,Inf,FALSE
1,2800646,2805646,0,1,Inf,FALSE
1,2800646,2810646,0,1,Inf,FALSE
1,2801459,2801459,0,1,Inf,FALSE
1,2802562,2802562,0,1,Inf,FALSE
1,2803146,2808146,0,1,Inf,FALSE
1,2805146,2806146,0,1,Inf,FALSE
1,2805646,2806646,0,1,Inf,FALSE
1,2805646,2810646,0,1,Inf,FALSE
1,2805646,2815646,0,1,Inf,FALSE
1,2805896,2805896,0,1,Inf,FALSE
1,2806646,2807646,0,1,Inf,FALSE
1,2807146,2808146,0,1,Inf,FALSE
1,2807646,2808646,0,1,Inf,FALSE
1,2808146,2813146,0,1,Inf,FALSE
1,2810646,2815646,0,1,Inf,FALSE
1,2810646,2820646,0,1,Inf,FALSE
1,2811146,2812146,0,1,Inf,FALSE
1,2811427,2811427,0,1,Inf,FALSE
1,2811646,2812646,0,1,Inf,FALSE
1,2811660,2811660,2.26635565537582,0.699653979238754,Inf,FALSE
1,2812146,2813146,0,1,Inf,FALSE
1,2812646,2813646,0,1,Inf,FALSE
1,2813146,2814146,0,1,Inf,FALSE
1,2820646,2830646,0.458226118796567,0.699653979238754,Inf,FALSE
1,2821127,2821127,0,1,Inf,FALSE
1,2822748,2822748,0.817846202214048,0.699653979238754,Inf,FALSE
1,2824878,2824878,0,1,Inf,FALSE
1,2825646,2835646,0,1,Inf,FALSE
1,2828146,2833146,0.405130817462305,0.699653979238754,Inf,FALSE
1,2830646,2835646,0,1,Inf,FALSE
1,2830646,2840646,0,1,Inf,FALSE
1,2831646,2832646,0,1,Inf,FALSE
1,2832146,2833146,0,1,Inf,FALSE
1,2832957,2832957,0.977220812318287,0.699653979238754,Inf,FALSE
1,2833146,2838146,0,1,Inf,FALSE
1,2835646,2840646,0,1,Inf,FALSE
1,2835646,2845646,0,1,Inf,FALSE
1,2836454,2836454,0,1,Inf,FALSE
1,2837711,2837711,0,1,Inf,FALSE
1,2838146,2843146,0,1,Inf,FALSE
1,2839146,2840146,0,1,Inf,FALSE
1,2839646,2840646,0,1,Inf,FALSE
1,2840646,2850646,0,1,Inf,FALSE
1,2845646,2850646,0.230125054376368,0.699653979238754,Inf,FALSE
1,2845646,2855646,0,1,Inf,FALSE
1,2846518,2846518,0,1,Inf,FALSE
1,2848146,2853146,0,1,Inf,FALSE
1,2850646,2855646,0,1,Inf,FALSE
1,2850646,2860646,0,1,Inf,FALSE
1,2852646,2853646,0,1,Inf,FALSE
1,2853146,2854146,0,1,Inf,FALSE
1,2853146,2858146,0,1,Inf,FALSE
1,2853759,2853759,0,1,Inf,FALSE
1,2854146,2855146,0,1,Inf,FALSE
1,2855237,2855237,0,1,Inf,FALSE
1,2855646,2865646,0.133899570991415,0.699653979238754,Inf,FALSE
1,2859668,2859668,0.682428152460921,0.699653979238754,Inf,FALSE
1,2859724,2859724,0,1,Inf,FALSE
1,2860646,2865646,0.358022246001901,0.699653979238754,Inf,FALSE
1,2860646,2870646,0,1,Inf,FALSE
1,2863146,2868146,0,1,Inf,FALSE
1,2865146,2866146,0,1,Inf,FALSE
1,2865646,2870646,0,1,Inf,FALSE
1,2868146,2873146,0,1,Inf,FALSE
1,2869146,2870146,0,1,Inf,FALSE
1,2870646,2880646,0.195872914723632,0.699653979238754,Inf,FALSE
1,2872305,2872305,0,1,Inf,FALSE
1,2875646,2885646,0.312259115378543,0.699653979238754,Inf,FALSE
1,2878146,2883146,0,1,Inf,FALSE
1,2878646,2879646,0.703675908758041,0.699653979238754,Inf,FALSE
1,2879739,2879739,0,1,Inf,FALSE
1,2880646,2885646,0,1,Inf,FALSE
1,2880646,2890646,0,1,Inf,FALSE
1,2882035,2882035,0,1,Inf,FALSE
1,2883146,2888146,0,1,Inf,FALSE
1,2883646,2884646,0,1,Inf,FALSE
