chr,start,end,Qvalue,W_KS,W_Threshold,detect
1,748573,758573,0.168181818181818,0.0310534711380583,Inf,FALSE
1,751073,756073,1,0,Inf,FALSE
1,753573,763573,0.168133535660091,0.0752036787018628,Inf,FALSE
1,768573,778573,0.138648180242634,1.04381479760143,Inf,FALSE
1,769223,769223,1,0,Inf,FALSE
1,773573,783573,0.13265306122449,7.16651143525212,Inf,FALSE
1,778573,788573,0.13265306122449,7.04895436550924,Inf,FALSE
1,788573,798573,1,0,Inf,FALSE
1,793573,803573,1,0,Inf,FALSE
1,801536,801536,0.133864541832669,1.55594704504471,Inf,FALSE
1,803573,813573,0.13265306122449,4.16717438983297,Inf,FALSE
1,808573,818573,0.13265306122449,4.83316090811915,Inf,FALSE
1,811073,816073,0.13265306122449,4.90786499133885,Inf,FALSE
1,813573,818573,0.13265306122449,2.07665625566591,Inf,FALSE
1,813573,823573,0.13265306122449,2.14147591861302,Inf,FALSE
1,816073,821073,0.137894736842105,1.10319200867459,Inf,FALSE
1,818573,828573,0.137894736842105,1.26002817435283,Inf,FALSE
1,821073,826073,0.138754325259516,1.03294017645831,Inf,FALSE
1,823573,833573,0.137894736842105,1.28790664322651,Inf,FALSE
1,826073,831073,0.137894736842105,1.29456302005441,Inf,FALSE
1,828573,838573,1,0,Inf,FALSE
1,829073,830073,0.133864541832669,1.60892473197274,Inf,FALSE
1,831073,836073,1,0,Inf,FALSE
1,833573,834573,0.168133535660091,0.163323593297251,Inf,FALSE
1,833573,843573,1,0,Inf,FALSE
1,833927,833927,0.13265306122449,26.286199216909,Inf,FALSE
1,834263,834263,1,0,Inf,FALSE
1,837657,837657,0.13265306122449,2.77525585624216,Inf,FALSE
1,838573,843573,0.133864541832669,1.56614733807028,Inf,FALSE
1,838573,848573,0.141554054054054,0.942718746121504,Inf,FALSE
1,840753,840753,0.13265306122449,5.58370017178634,Inf,FALSE
1,843573,848573,1,0,Inf,FALSE
1,843573,853573,0.13265306122449,3.66024899202577,Inf,FALSE
1,844300,844300,0.146026490066225,0.80965893596882,Inf,FALSE
1,846073,851073,1,0,Inf,FALSE
1,848573,853573,0.13265306122449,4.40972894346381,Inf,FALSE
1,848573,858573,0.13265306122449,4.62759464319079,Inf,FALSE
1,850371,850371,0.13265306122449,29.7839667285271,Inf,FALSE
1,851073,856073,0.13265306122449,6.75343183733558,Inf,FALSE
1,851390,851390,1,0,Inf,FALSE
1,853573,863573,0.13265306122449,1.68403374485399,Inf,FALSE
1,858573,868573,0.13265306122449,2.27355223366256,Inf,FALSE
1,861073,866073,0.13265306122449,1.78732617928075,Inf,FALSE
1,862772,862772,1,0,Inf,FALSE
1,863573,868573,0.13265306122449,1.93615271468844,Inf,FALSE
1,863573,873573,0.13265306122449,7.55236765218847,Inf,FALSE
1,864490,864490,0.13265306122449,8.12582850843143,Inf,FALSE
1,866073,871073,0.13265306122449,5.56550350231826,Inf,FALSE
1,867663,867663,0.13265306122449,5.52296664026494,Inf,FALSE
1,868573,873573,0.13265306122449,5.93250628243098,Inf,FALSE
1,868573,878573,0.13265306122449,6.18070710740325,Inf,FALSE
1,872352,872352,0.13265306122449,31.6467830913473,Inf,FALSE
1,873573,883573,1,0,Inf,FALSE
1,876499,876499,0.137894736842105,1.14993194193989,Inf,FALSE
1,878331,878331,0.13265306122449,1.86103035956848,Inf,FALSE
1,878573,883573,1,0,Inf,FALSE
1,878573,888573,1,0,Inf,FALSE
1,879482,879482,0.13265306122449,5.42245287256396,Inf,FALSE
1,880573,881573,0.141554054054054,0.936110207615213,Inf,FALSE
1,881073,886073,1,0,Inf,FALSE
1,881918,881918,1,0,Inf,FALSE
1,883573,888573,1,0,Inf,FALSE
1,883573,893573,0.135433070866142,1.50618912637072,Inf,FALSE
1,886073,891073,0.13265306122449,2.65629664974798,Inf,FALSE
1,888573,893573,0.13265306122449,2.04667640535025,Inf,FALSE
1,888573,898573,0.13265306122449,2.25408621233942,Inf,FALSE
1,891073,896073,1,0,Inf,FALSE
1,891620,891620,0.13265306122449,3.69131833922556,Inf,FALSE
1,893073,894073,1,0,Inf,FALSE
1,893573,898573,0.138648180242634,1.04162591591168,Inf,FALSE
1,894519,894519,0.13265306122449,6.95412449058905,Inf,FALSE
1,898573,908573,0.13265306122449,1.65004198168528,Inf,FALSE
1,901073,906073,1,0,Inf,FALSE
1,903573,913573,1,,Inf,FALSE
1,905073,906073,1,0,Inf,FALSE
1,905573,906573,0.13265306122449,1.7498415270361,Inf,FALSE
1,906073,907073,0.13265306122449,2.06950671332832,Inf,FALSE
1,906073,911073,0.13265306122449,1.76985057013809,Inf,FALSE
1,907609,907609,0.138648180242634,1.05382617179638,Inf,FALSE
1,908573,913573,1,,Inf,FALSE
1,908573,918573,1,,Inf,FALSE
1,910512,910512,1,0,Inf,FALSE
1,911073,916073,1,,Inf,FALSE
1,913573,918573,1,,Inf,FALSE
1,913573,923573,1,0,Inf,FALSE
1,913610,913610,0.13265306122449,10.8800259439988,Inf,FALSE
1,914073,915073,1,0,Inf,FALSE
1,914333,914333,0.13265306122449,54.3919883780098,Inf,FALSE
1,914876,914876,0.13265306122449,11.1206042120958,Inf,FALSE
1,915073,916073,1,0,Inf,FALSE
1,916073,921073,1,0,Inf,FALSE
1,916549,916549,0.13265306122449,35.7336678617837,Inf,FALSE
1,917073,918073,1,,Inf,FALSE
1,918573,923573,1,0,Inf,FALSE
1,919573,920573,1,0,Inf,FALSE
1,920503,920503,0.13265306122449,2.94071674129045,Inf,FALSE
1,921071,921071,1,0,Inf,FALSE
1,921073,926073,0.168133535660091,0.0816118249605628,Inf,FALSE
1,923573,933573,1,0,Inf,FALSE
1,926073,931073,1,0,Inf,FALSE
1,928073,929073,1,0,Inf,FALSE
1,928573,938573,1,0,Inf,FALSE
1,930073,931073,1,0,Inf,FALSE
1,930573,931573,1,0,Inf,FALSE
1,931073,936073,1,0,Inf,FALSE
1,933573,943573,1,0,Inf,FALSE
1,938573,943573,1,0,Inf,FALSE
1,938573,948573,1,0,Inf,FALSE
1,939950,939950,0.13265306122449,2.24032861476028,Inf,FALSE
1,940203,940203,1,0,Inf,FALSE
1,940573,941573,1,0,Inf,FALSE
1,941073,946073,1,0,Inf,FALSE
1,943573,948573,0.13265306122449,1.99592626055593,Inf,FALSE
1,943573,953573,0.13265306122449,2.22311470382718,Inf,FALSE
1,944073,945073,0.13265306122449,2.07085556982152,Inf,FALSE
1,945349,945349,1,0,Inf,FALSE
1,948573,953573,0.137894736842105,1.23381055105948,Inf,FALSE
1,948573,958573,0.16,0.517545698424658,Inf,FALSE
1,949608,949608,0.13265306122449,27.6918014780904,Inf,FALSE
1,951073,956073,0.141056218057922,0.960953867913495,Inf,FALSE
1,952073,953073,0.137894736842105,1.12654709348583,Inf,FALSE
1,953573,958573,1,0,Inf,FALSE
1,953573,963573,1,0,Inf,FALSE
1,956998,956998,1,0,Inf,FALSE
1,957640,957640,1,0,Inf,FALSE
1,958204,958204,0.137853107344633,1.36399609281403,Inf,FALSE
1,958573,963573,1,0,Inf,FALSE
1,958573,968573,1,0,Inf,FALSE
1,959509,959509,0.13265306122449,2.12326428465599,Inf,FALSE
1,962720,962720,0.13265306122449,3.64486668986634,Inf,FALSE
1,963721,963721,0.13265306122449,6.71831639783345,Inf,FALSE
1,973573,983573,1,0,Inf,FALSE
1,976073,981073,1,0,Inf,FALSE
1,978573,979573,1,0,Inf,FALSE
1,978573,983573,1,0,Inf,FALSE
1,978573,988573,1,,Inf,FALSE
1,979073,980073,1,0,Inf,FALSE
1,980573,981573,0.13265306122449,3.35900840264853,Inf,FALSE
1,981073,982073,0.13399209486166,1.54296707219819,Inf,FALSE
1,981073,986073,1,,Inf,FALSE
1,981573,982573,1,0,Inf,FALSE
1,983073,984073,1,0,Inf,FALSE
1,983573,988573,1,,Inf,FALSE
1,983573,993573,1,,Inf,FALSE
1,984073,985073,1,,Inf,FALSE
1,985573,986573,1,0,Inf,FALSE
1,986073,987073,1,0,Inf,FALSE
1,986732,986732,1,0,Inf,FALSE
1,987253,987253,0.13265306122449,9.11121257627986,Inf,FALSE
1,988573,993573,0.13265306122449,12.0192750908264,Inf,FALSE
1,988573,998573,0.13265306122449,9.90913830519309,Inf,FALSE
1,991073,996073,0.13265306122449,11.553861517361,Inf,FALSE
1,993573,998573,1,0,Inf,FALSE
1,993573,1003573,1,0,Inf,FALSE
1,996073,1001073,1,0,Inf,FALSE
1,998170,998170,0.13265306122449,6.91100129043761,Inf,FALSE
1,998395,998395,0.13265306122449,41.2288137831197,Inf,FALSE
1,998573,1003573,1,0,Inf,FALSE
1,1000073,1001073,0.167328244274809,0.222646311145559,Inf,FALSE
1,1001290,1001290,0.13265306122449,2.1502931632246,Inf,FALSE
1,1002387,1002387,1,0,Inf,FALSE
1,1009234,1009234,0.13265306122449,47.7320499406089,Inf,FALSE
1,1013573,1023573,1,0,Inf,FALSE
1,1018021,1018021,0.13265306122449,2.63237966669728,Inf,FALSE
1,1018573,1028573,1,0,Inf,FALSE
1,1021073,1026073,1,0,Inf,FALSE
1,1022223,1022223,1,0,Inf,FALSE
1,1023573,1028573,1,0,Inf,FALSE
1,1026073,1031073,1,0,Inf,FALSE
1,1026913,1026913,0.13265306122449,7.85321568334727,Inf,FALSE
1,1027573,1028573,0.137894736842105,1.1439415368758,Inf,FALSE
1,1032184,1032184,0.13265306122449,34.5033009849896,Inf,FALSE
1,1033573,1043573,0.13265306122449,3.59382773997194,Inf,FALSE
1,1033999,1033999,0.13265306122449,24.2114583321516,Inf,FALSE
1,1034243,1034243,1,0,Inf,FALSE
1,1036601,1036601,0.137894736842105,1.20817428651862,Inf,FALSE
1,1038573,1048573,0.13265306122449,8.21202655632921,Inf,FALSE
1,1040573,1041573,0.13265306122449,3.20683252992852,Inf,FALSE
1,1042070,1042070,0.13265306122449,2.98901069954738,Inf,FALSE
1,1043573,1053573,0.13265306122449,6.09025978832642,Inf,FALSE
1,1046073,1051073,1,0,Inf,FALSE
1,1048573,1058573,0.13265306122449,3.38232465314817,Inf,FALSE
1,1053573,1063573,0.13265306122449,6.60398973965599,Inf,FALSE
1,1054091,1054091,0.13265306122449,9.36480456529226,Inf,FALSE
1,1056073,1061073,0.13265306122449,5.59491869349825,Inf,FALSE
1,1058573,1063573,0.13265306122449,3.46361289542568,Inf,FALSE
1,1058573,1068573,0.13265306122449,4.31686739648933,Inf,FALSE
1,1061073,1066073,0.13265306122449,2.25128565124864,Inf,FALSE
1,1063492,1063492,0.13265306122449,8.52293454315869,Inf,FALSE
1,1065296,1065296,0.13265306122449,50.1098928260373,Inf,FALSE
1,1067878,1067878,1,0,Inf,FALSE
1,1069535,1069535,0.13265306122449,4.51118682862647,Inf,FALSE
1,1069653,1069653,0.13265306122449,106.921985605894,Inf,FALSE
1,1073573,1083573,1,0,Inf,FALSE
1,1078073,1079073,0.13265306122449,2.71325366669308,Inf,FALSE
1,1078573,1083573,0.13265306122449,1.94773042031749,Inf,FALSE
1,1094485,1094485,0.13265306122449,Inf,Inf,FALSE
1,1103573,1113573,1,0,Inf,FALSE
1,1105721,1105721,0.13265306122449,8.02742125526302,Inf,FALSE
1,1106073,1111073,1,0,Inf,FALSE
1,1108573,1113573,1,0,Inf,FALSE
1,1108573,1118573,1,,Inf,FALSE
1,1108951,1108951,0.151869918699187,0.719534786326638,Inf,FALSE
1,1109104,1109104,0.13265306122449,26.7966702387937,Inf,FALSE
1,1109476,1109476,0.146952224052718,0.797519763758653,Inf,FALSE
1,1110557,1110557,0.13265306122449,2.79387892770282,Inf,FALSE
1,1113573,1118573,1,,Inf,FALSE
1,1113573,1123573,1,,Inf,FALSE
1,1115187,1115187,1,0,Inf,FALSE
1,1116073,1121073,1,,Inf,FALSE
1,1118573,1123573,1,,Inf,FALSE
1,1118573,1128573,1,,Inf,FALSE
1,1120536,1120536,0.13265306122449,7.87566710352139,Inf,FALSE
1,1120573,1121573,1,,Inf,FALSE
1,1121073,1126073,1,0,Inf,FALSE
1,1121358,1121358,0.13265306122449,4.83967878219283,Inf,FALSE
1,1123573,1128573,1,0,Inf,FALSE
1,1123573,1133573,1,,Inf,FALSE
1,1124573,1125573,1,0,Inf,FALSE
1,1125573,1126573,0.157827476038339,0.587575308185361,Inf,FALSE
1,1128573,1133573,1,,Inf,FALSE
1,1128573,1138573,1,,Inf,FALSE
1,1131073,1136073,1,,Inf,FALSE
1,1133573,1138573,0.13265306122449,1.78135658713454,Inf,FALSE
1,1133573,1143573,1,0,Inf,FALSE
1,1136073,1141073,0.13265306122449,4.27397950880669,Inf,FALSE
1,1138573,1143573,1,0,Inf,FALSE
1,1138573,1148573,1,0,Inf,FALSE
1,1140271,1140271,0.160876369327074,0.477771632004807,Inf,FALSE
1,1140573,1141573,1,0,Inf,FALSE
1,1141073,1146073,1,0,Inf,FALSE
1,1142573,1143573,1,0,Inf,FALSE
1,1143573,1148573,1,0,Inf,FALSE
1,1143573,1153573,1,0,Inf,FALSE
1,1145073,1146073,1,0,Inf,FALSE
1,1146339,1146339,0.13265306122449,7.74590902274172,Inf,FALSE
1,1148573,1158573,1,0,Inf,FALSE
1,1151542,1151542,1,0,Inf,FALSE
1,1153573,1163573,0.13265306122449,3.14702851259046,Inf,FALSE
1,1156073,1161073,0.13265306122449,2.66907229003145,Inf,FALSE
1,1158573,1163573,0.13265306122449,2.89529974934373,Inf,FALSE
1,1159573,1160573,0.13265306122449,2.46933875299082,Inf,FALSE
1,1160073,1161073,0.13265306122449,3.29541631847902,Inf,FALSE
1,1163573,1173573,1,0,Inf,FALSE
1,1165957,1165957,0.146446280991736,0.802760981109235,Inf,FALSE
1,1168573,1178573,0.13265306122449,4.39543501148148,Inf,FALSE
1,1171073,1176073,0.13265306122449,2.64857221803065,Inf,FALSE
1,1172907,1172907,1,0,Inf,FALSE
1,1173573,1178573,0.13265306122449,4.34982875698503,Inf,FALSE
1,1181372,1181372,0.13265306122449,9.13250639121247,Inf,FALSE
1,1182905,1182905,1,0,Inf,FALSE
1,1183573,1193573,0.13265306122449,2.22180213294099,Inf,FALSE
1,1188573,1193573,0.13265306122449,1.80536945316119,Inf,FALSE
1,1189573,1190573,0.13265306122449,2.31070851686003,Inf,FALSE
1,1190073,1191073,0.13265306122449,2.29713494249057,Inf,FALSE
1,1190206,1190206,1,0,Inf,FALSE
1,1191651,1191651,1,0,Inf,FALSE
1,1218573,1228573,0.13265306122449,2.20667476686297,Inf,FALSE
1,1223573,1233573,1,0,Inf,FALSE
1,1226063,1226063,1,0,Inf,FALSE
1,1226512,1226512,1,0,Inf,FALSE
1,1228573,1233573,1,0,Inf,FALSE
1,1228573,1238573,1,0,Inf,FALSE
1,1229680,1229680,1,0,Inf,FALSE
1,1231656,1231656,1,0,Inf,FALSE
1,1233573,1238573,1,0,Inf,FALSE
1,1238573,1248573,0.138860103626943,1.02172497870783,Inf,FALSE
1,1241073,1246073,0.160876369327074,0.480524525512291,Inf,FALSE
1,1243573,1253573,0.13265306122449,1.70980475049424,Inf,FALSE
1,1253573,1263573,0.156451612903226,0.654187543172552,Inf,FALSE
1,1258573,1268573,0.160876369327074,0.470063281087184,Inf,FALSE
1,1261073,1266073,0.158161648177496,0.549984173436853,Inf,FALSE
1,1263573,1273573,1,0,Inf,FALSE
1,1268573,1278573,1,0,Inf,FALSE
1,1269888,1269888,0.13265306122449,2.61991405393349,Inf,FALSE
1,1273573,1283573,0.13265306122449,1.71617299687503,Inf,FALSE
1,1278573,1288573,0.138648180242634,1.04037425433645,Inf,FALSE
1,1283573,1288573,1,0,Inf,FALSE
1,1283573,1293573,1,0,Inf,FALSE
1,1286073,1291073,1,0,Inf,FALSE
1,1288573,1293573,0.166360856269113,0.248518262153155,Inf,FALSE
1,1305807,1305807,0.136538461538462,1.4282136731402,Inf,FALSE
1,1334475,1334475,1,0,Inf,FALSE
1,1343573,1353573,1,0,Inf,FALSE
1,1348573,1358573,1,0,Inf,FALSE
1,1351073,1356073,1,0,Inf,FALSE
1,1353573,1363573,0.137894736842105,1.17315027100963,Inf,FALSE
1,1358573,1368573,1,0,Inf,FALSE
1,1363573,1368573,1,0,Inf,FALSE
1,1369623,1369623,0.13265306122449,2.69833710900299,Inf,FALSE
1,1378216,1383216,1,0,Inf,FALSE
1,1378216,1388216,0.13265306122449,3.70994426819612,Inf,FALSE
1,1380716,1385716,0.13265306122449,3.99855625244618,Inf,FALSE
1,1383216,1393216,0.13265306122449,4.28523012290099,Inf,FALSE
1,1388216,1398216,1,0,Inf,FALSE
1,1391448,1391448,1,0,Inf,FALSE
1,1393216,1403216,1,0,Inf,FALSE
1,1398216,1408216,0.13265306122449,2.81441462961642,Inf,FALSE
1,1403216,1413216,0.13265306122449,4.18259067564354,Inf,FALSE
1,1408216,1413216,1,0,Inf,FALSE
1,1413216,1423216,1,0,Inf,FALSE
1,1418216,1428216,0.13265306122449,3.21838624157113,Inf,FALSE
1,1420716,1425716,0.13265306122449,2.09597797334309,Inf,FALSE
1,1423216,1428216,0.13265306122449,4.33808543397402,Inf,FALSE
1,1423216,1433216,0.13265306122449,4.07635885253964,Inf,FALSE
1,1425716,1430716,0.13265306122449,3.04537710149662,Inf,FALSE
1,1433138,1433138,0.13265306122449,2.93306780425189,Inf,FALSE
1,1454207,1454207,0.137853107344633,1.34779945769076,Inf,FALSE
1,1461041,1461041,1,0,Inf,FALSE
1,1470464,1470464,0.13265306122449,1.77263249121274,Inf,FALSE
1,1481348,1481348,0.133864541832669,1.58214714336961,Inf,FALSE
1,1492438,1492438,0.13265306122449,2.44326417563005,Inf,FALSE
1,1494355,1494355,0.132657200811359,1.64026674158402,Inf,FALSE
1,1496641,1496641,0.13265306122449,1.65393292389479,Inf,FALSE
1,1500925,1500925,1,0,Inf,FALSE
1,1520752,1520752,0.144908180300501,0.854071299061578,Inf,FALSE
1,1525437,1525437,0.13265306122449,3.10080921613812,Inf,FALSE
1,1534710,1534710,1,0,Inf,FALSE
1,1537437,1537437,0.139862542955326,1.01173216003671,Inf,FALSE
1,1543216,1553216,0.13265306122449,6.8888963649073,Inf,FALSE
1,1549720,1549720,0.157827476038339,0.593533082162787,Inf,FALSE
1,1584593,1584593,1,0,Inf,FALSE
1,1588216,1598216,0.13265306122449,2.0127822225715,Inf,FALSE
1,1611995,1611995,0.13265306122449,21.6606510803657,Inf,FALSE
1,1619767,1619767,0.13265306122449,11.4850095175774,Inf,FALSE
1,1633216,1643216,0.13265306122449,3.12007570033008,Inf,FALSE
1,1658216,1668216,0.13265306122449,5.70394517255628,Inf,FALSE
1,1670415,1670415,0.157827476038339,0.577528970894791,Inf,FALSE
1,1673216,1683216,0.13265306122449,2.2809885765971,Inf,FALSE
1,1678216,1688216,0.13265306122449,2.77781517351602,Inf,FALSE
1,1683216,1688216,0.13265306122449,2.11080264248894,Inf,FALSE
1,1683216,1693216,0.13265306122449,37.9462928301525,Inf,FALSE
1,1685216,1686216,1,0,Inf,FALSE
1,1685716,1690716,0.13265306122449,35.9552580491953,Inf,FALSE
1,1686081,1686081,0.13265306122449,4.68444502594803,Inf,FALSE
1,1686943,1686943,0.13265306122449,194.609129267688,Inf,FALSE
1,1687716,1688716,0.13265306122449,23.7055251877281,Inf,FALSE
1,1687791,1687791,0.13265306122449,2.61048806113679,Inf,FALSE
1,1688216,1689216,0.13265306122449,18.1672354540019,Inf,FALSE
1,1688216,1693216,0.13265306122449,36.0155542750055,Inf,FALSE
1,1688716,1689716,0.13265306122449,9.58822662972321,Inf,FALSE
1,1689716,1690716,0.13265306122449,4.68620326216526,Inf,FALSE
1,1690216,1691216,1,0,Inf,FALSE
1,1690716,1691716,1,0,Inf,FALSE
1,1691216,1692216,0.13265306122449,4.69597713843074,Inf,FALSE
1,1691840,1691840,0.13265306122449,33.6365063935032,Inf,FALSE
1,1693216,1703216,1,0,Inf,FALSE
1,1695742,1695742,0.13265306122449,3.03499249022035,Inf,FALSE
1,1698216,1708216,1,0,Inf,FALSE
1,1699201,1699201,0.13265306122449,10.3262074758494,Inf,FALSE
1,1700716,1705716,1,0,Inf,FALSE
1,1703216,1708216,1,0,Inf,FALSE
1,1703216,1713216,1,0,Inf,FALSE
1,1705216,1706216,1,0,Inf,FALSE
1,1706735,1706735,0.13265306122449,265.31673563904,Inf,FALSE
1,1708216,1713216,1,0,Inf,FALSE
1,1709119,1709119,0.13265306122449,103.665774913275,Inf,FALSE
1,1713216,1723216,1,0,Inf,FALSE
1,1718216,1728216,1,0,Inf,FALSE
1,1719079,1719079,0.13265306122449,31.6807711386464,Inf,FALSE
1,1720716,1725716,1,0,Inf,FALSE
1,1721556,1721556,0.13265306122449,1.71743583827396,Inf,FALSE
1,1722216,1723216,1,0,Inf,FALSE
1,1723216,1728216,1,0,Inf,FALSE
1,1723216,1733216,1,0,Inf,FALSE
1,1728216,1733216,0.13265306122449,2.66929666137632,Inf,FALSE
1,1728216,1738216,0.13265306122449,3.94116995820425,Inf,FALSE
1,1738371,1738371,0.13265306122449,5.14642441284937,Inf,FALSE
1,1738973,1738973,1,0,Inf,FALSE
1,1748216,1758216,1,0,Inf,FALSE
1,1749412,1749412,0.13265306122449,2.2436660837129,Inf,FALSE
1,1750716,1755716,1,0,Inf,FALSE
1,1753216,1763216,1,0,Inf,FALSE
1,1755716,1760716,1,0,Inf,FALSE
1,1757216,1758216,1,0,Inf,FALSE
1,1766856,1766856,0.13265306122449,44.4406717418855,Inf,FALSE
1,1772488,1772488,0.133864541832669,1.60482750005355,Inf,FALSE
1,1773216,1783216,1,0,Inf,FALSE
1,1775716,1780716,1,0,Inf,FALSE
1,1778216,1779216,1,0,Inf,FALSE
1,1778216,1783216,0.13265306122449,20.2970811414392,Inf,FALSE
1,1778216,1788216,0.13265306122449,21.2607715955931,Inf,FALSE
1,1780716,1785716,0.13265306122449,19.4243322677705,Inf,FALSE
1,1783216,1793216,0.13265306122449,7.86989327358045,Inf,FALSE
1,1788216,1793216,0.13265306122449,8.24187613808411,Inf,FALSE
1,1788216,1798216,1,,Inf,FALSE
1,1793216,1798216,1,,Inf,FALSE
1,1793216,1803216,1,,Inf,FALSE
1,1795716,1800716,1,,Inf,FALSE
1,1798216,1803216,1,0,Inf,FALSE
1,1798216,1808216,1,0,Inf,FALSE
1,1800716,1805716,1,0,Inf,FALSE
1,1803216,1813216,1,0,Inf,FALSE
1,1808216,1813216,0.13265306122449,2.30999956016835,Inf,FALSE
1,1823216,1833216,0.13265306122449,3.45740480861319,Inf,FALSE
1,1830716,1835716,0.13265306122449,2.13232639776797,Inf,FALSE
1,1833216,1843216,0.158161648177496,0.555946766309046,Inf,FALSE
1,1843216,1853216,0.13265306122449,15.0383890706662,Inf,FALSE
1,1848216,1858216,0.13265306122449,17.3594107180656,Inf,FALSE
1,1853216,1858216,0.13265306122449,4.36302541673283,Inf,FALSE
1,1855716,1860716,0.13265306122449,6.14808050354378,Inf,FALSE
1,1863216,1873216,1,0,Inf,FALSE
1,1865716,1870716,1,0,Inf,FALSE
1,1868216,1873216,1,0,Inf,FALSE
1,1868216,1878216,1,0,Inf,FALSE
1,1869216,1870216,1,0,Inf,FALSE
1,1870716,1875716,1,0,Inf,FALSE
1,1873216,1878216,0.13265306122449,3.22474936845683,Inf,FALSE
1,1873216,1883216,0.13265306122449,3.81343713373382,Inf,FALSE
1,1875716,1880716,0.13265306122449,5.54689821724143,Inf,FALSE
1,1878216,1883216,0.13265306122449,2.93236605954558,Inf,FALSE
1,1882287,1882287,0.13265306122449,130.808053259077,Inf,FALSE
1,1883216,1893216,1,0,Inf,FALSE
1,1886370,1886370,0.13265306122449,9.64442011712505,Inf,FALSE
1,1888193,1888193,0.13265306122449,17.4517003336231,Inf,FALSE
1,1888216,1898216,1,0,Inf,FALSE
1,1889356,1889356,0.133864541832669,1.59368239066405,Inf,FALSE
1,1890716,1895716,1,0,Inf,FALSE
1,1892048,1892048,1,0,Inf,FALSE
1,1893216,1898216,1,0,Inf,FALSE
1,1893216,1903216,1,0,Inf,FALSE
1,1895177,1895177,0.13265306122449,41.2200174738355,Inf,FALSE
1,1895216,1896216,1,0,Inf,FALSE
1,1895716,1896716,1,0,Inf,FALSE
1,1895716,1900716,1,0,Inf,FALSE
1,1898216,1903216,0.13265306122449,4.91605027846425,Inf,FALSE
1,1898216,1908216,1,,Inf,FALSE
1,1900186,1900186,0.13265306122449,31.1407857155327,Inf,FALSE
1,1900232,1900232,0.13265306122449,106.133144460442,Inf,FALSE
1,1900716,1905716,0.13265306122449,8.28282730085159,Inf,FALSE
1,1902216,1903216,0.13265306122449,7.60476115803766,Inf,FALSE
1,1903216,1908216,1,,Inf,FALSE
1,1903216,1913216,1,,Inf,FALSE
1,1904716,1905716,0.142521008403361,0.897363393639273,Inf,FALSE
1,1905716,1910716,1,,Inf,FALSE
1,1905790,1905790,0.13265306122449,12.2496943732715,Inf,FALSE
1,1908216,1913216,0.13265306122449,14.2230864217278,Inf,FALSE
1,1908216,1918216,0.13265306122449,14.675124493899,Inf,FALSE
1,1912181,1912181,0.13265306122449,21.2207179678265,Inf,FALSE
1,1914124,1914124,1,0,Inf,FALSE
1,1918216,1928216,1,0,Inf,FALSE
1,1923216,1933216,1,0,Inf,FALSE
1,1925716,1930716,1,0,Inf,FALSE
1,1928216,1933216,0.137894736842105,1.28658219404932,Inf,FALSE
1,1928216,1938216,0.13265306122449,8.13526618217664,Inf,FALSE
1,1930391,1930391,0.13265306122449,32.5748221067706,Inf,FALSE
1,1930716,1935716,0.13265306122449,8.2277639929129,Inf,FALSE
1,1931216,1932216,0.135559921414538,1.48889092836179,Inf,FALSE
1,1933216,1943216,0.13265306122449,8.12887939724038,Inf,FALSE
1,1933267,1933267,0.156451612903226,0.658674098144702,Inf,FALSE
1,1935716,1940716,0.137894736842105,1.32148040142475,Inf,FALSE
1,1938216,1948216,1,,Inf,FALSE
1,1939826,1939826,1,0,Inf,FALSE
1,1940716,1945716,1,,Inf,FALSE
1,1941658,1941658,0.137894736842105,1.25169300172082,Inf,FALSE
1,1943216,1953216,1,,Inf,FALSE
1,1944716,1945716,1,,Inf,FALSE
1,1948216,1958216,0.13265306122449,2.52517279614677,Inf,FALSE
1,1951827,1951827,1,0,Inf,FALSE
1,1953216,1958216,1,0,Inf,FALSE
1,1958216,1968216,1,0,Inf,FALSE
1,1960388,1960388,1,0,Inf,FALSE
1,1960716,1965716,0.13265306122449,3.08968706357907,Inf,FALSE
1,1963216,1973216,1,0,Inf,FALSE
1,1965216,1966216,0.13265306122449,3.46957992455031,Inf,FALSE
1,1965716,1966716,1,0,Inf,FALSE
1,1965716,1970716,1,0,Inf,FALSE
1,1966244,1966244,0.162153846153846,0.362247561230105,Inf,FALSE
1,1966659,1966659,0.13265306122449,19.8427441645296,Inf,FALSE
1,1967014,1967014,0.13265306122449,2.83766133400414,Inf,FALSE
1,1967716,1968716,1,0,Inf,FALSE
1,1968216,1969216,1,0,Inf,FALSE
1,1968216,1973216,1,0,Inf,FALSE
1,1970716,1975716,1,0,Inf,FALSE
1,1973216,1983216,0.13265306122449,13.1677790473704,Inf,FALSE
1,1975716,1980716,0.13265306122449,11.2010366369901,Inf,FALSE
1,1977716,1978716,0.13265306122449,10.5356209033111,Inf,FALSE
1,1978216,1988216,1,0,Inf,FALSE
1,1979724,1979724,0.13265306122449,59.7974560288335,Inf,FALSE
1,1980000,1980000,0.138648180242634,1.04987188073637,Inf,FALSE
1,1980716,1985716,0.137894736842105,1.21654732157617,Inf,FALSE
1,1981118,1981118,0.13265306122449,11.333473910522,Inf,FALSE
1,1982216,1983216,0.13265306122449,2.23785709266033,Inf,FALSE
1,1982716,1983716,1,0,Inf,FALSE
1,1983208,1983208,0.13265306122449,42.7007136494395,Inf,FALSE
1,1983216,1988216,1,0,Inf,FALSE
1,1983216,1993216,1,0,Inf,FALSE
1,1985216,1986216,1,0,Inf,FALSE
1,1985716,1990716,1,0,Inf,FALSE
1,1986754,1986754,0.13265306122449,19.7673617570728,Inf,FALSE
1,1987762,1987762,0.13265306122449,98.8128390996705,Inf,FALSE
1,1988216,1989216,0.13265306122449,2.33333393171855,Inf,FALSE
1,1988216,1993216,1,0,Inf,FALSE
1,1988216,1998216,0.13265306122449,2.37906015995602,Inf,FALSE
1,1988716,1989716,1,0,Inf,FALSE
1,1989216,1990216,1,0,Inf,FALSE
1,1990716,1991716,0.13265306122449,6.56503688408082,Inf,FALSE
1,1990716,1995716,0.13265306122449,5.31025035448726,Inf,FALSE
1,1993216,1998216,1,0,Inf,FALSE
1,1993216,2003216,0.13265306122449,7.69911729837631,Inf,FALSE
1,1994110,1994110,1,0,Inf,FALSE
1,1995716,2000716,0.137142857142857,1.40240049563393,Inf,FALSE
1,1998216,2003216,0.13265306122449,7.02922154795396,Inf,FALSE
1,1998216,2008216,1,0,Inf,FALSE
1,1998878,1998878,0.13265306122449,9.88679991719234,Inf,FALSE
1,1999216,2000216,0.13265306122449,1.88571975252186,Inf,FALSE
1,1999716,2000716,0.13265306122449,2.14610763977801,Inf,FALSE
1,2000216,2001216,0.13265306122449,7.45605819875421,Inf,FALSE
1,2000288,2000288,0.13265306122449,3.95653770716219,Inf,FALSE
1,2000716,2005716,1,0,Inf,FALSE
1,2003216,2008216,1,0,Inf,FALSE
1,2003216,2013216,1,0,Inf,FALSE
1,2005716,2010716,1,0,Inf,FALSE
1,2008216,2013216,0.135686274509804,1.48657724093098,Inf,FALSE
1,2008216,2018216,1,0,Inf,FALSE
1,2008959,2008959,0.13265306122449,13.3847945635712,Inf,FALSE
1,2009216,2010216,0.13265306122449,2.59337368148241,Inf,FALSE
1,2009294,2009294,1,0,Inf,FALSE
1,2010716,2011716,1,0,Inf,FALSE
1,2010716,2015716,1,0,Inf,FALSE
1,2013216,2018216,1,0,Inf,FALSE
1,2013216,2023216,1,0,Inf,FALSE
1,2015716,2016716,1,0,Inf,FALSE
1,2015716,2020716,1,0,Inf,FALSE
1,2018216,2023216,0.13265306122449,6.03207685778937,Inf,FALSE
1,2018216,2028216,1,0,Inf,FALSE
1,2020716,2025716,1,0,Inf,FALSE
1,2023216,2028216,1,0,Inf,FALSE
1,2023216,2033216,1,0,Inf,FALSE
1,2024716,2025716,0.137894736842105,1.204054343577,Inf,FALSE
1,2027859,2027859,0.13265306122449,3.56752933490741,Inf,FALSE
1,2028216,2038216,0.13265306122449,3.11648990710793,Inf,FALSE
1,2028557,2028557,0.13265306122449,1.888966102977,Inf,FALSE
1,2030716,2035716,0.13265306122449,2.45810953357992,Inf,FALSE
1,2033216,2038216,0.13265306122449,3.36075906023226,Inf,FALSE
1,2033216,2043216,0.13265306122449,41.8952555054865,Inf,FALSE
1,2034953,2034953,0.13265306122449,5.71029759189336,Inf,FALSE
1,2035716,2040716,0.13265306122449,37.5880683379529,Inf,FALSE
1,2036597,2036597,0.13265306122449,13.9447227412172,Inf,FALSE
1,2037028,2037028,1,0,Inf,FALSE
1,2038216,2043216,0.13265306122449,35.7578737385708,Inf,FALSE
1,2038216,2048216,0.13265306122449,37.8764033440544,Inf,FALSE
1,2038732,2038732,0.13265306122449,229.553862089709,Inf,FALSE
1,2039216,2040216,0.13265306122449,32.5907499956234,Inf,FALSE
1,2039716,2040716,0.13265306122449,35.2976720260242,Inf,FALSE
1,2040716,2045716,0.13265306122449,10.9256987600097,Inf,FALSE
1,2043216,2048216,0.136538461538462,1.43077587359972,Inf,FALSE
1,2043216,2053216,1,0,Inf,FALSE
1,2045716,2050716,1,0,Inf,FALSE
1,2045941,2045941,0.137142857142857,1.39014820424095,Inf,FALSE
1,2048216,2053216,1,0,Inf,FALSE
1,2048216,2058216,0.13265306122449,7.36972679757791,Inf,FALSE
1,2050716,2055716,0.13265306122449,4.28126234252725,Inf,FALSE
1,2051216,2052216,1,0,Inf,FALSE
1,2053216,2058216,0.13265306122449,8.17630741261556,Inf,FALSE
1,2053216,2063216,0.13265306122449,17.8796490708524,Inf,FALSE
1,2055716,2056716,1,0,Inf,FALSE
1,2055716,2060716,0.13265306122449,1.91139240065549,Inf,FALSE
1,2055826,2055826,0.13265306122449,13.2214121989487,Inf,FALSE
1,2056216,2057216,0.137894736842105,1.13844789038777,Inf,FALSE
1,2056716,2057716,0.13265306122449,2.21419409399329,Inf,FALSE
1,2057216,2058216,0.13265306122449,2.63654013438733,Inf,FALSE
1,2057716,2058716,0.13265306122449,2.40258565799568,Inf,FALSE
1,2057925,2057925,0.13265306122449,4.86051116280512,Inf,FALSE
1,2058216,2063216,0.13265306122449,7.47378638293611,Inf,FALSE
1,2058216,2068216,0.13265306122449,7.52583127786356,Inf,FALSE
1,2060058,2060058,0.13265306122449,36.8896725747494,Inf,FALSE
1,2060716,2061716,0.13265306122449,6.78971241512009,Inf,FALSE
1,2060716,2065716,0.13265306122449,8.62738408414697,Inf,FALSE
1,2062716,2063716,0.149013157894737,0.768062562514023,Inf,FALSE
1,2063216,2068216,1,0,Inf,FALSE
1,2063216,2073216,0.133864541832669,1.55366174424011,Inf,FALSE
1,2064216,2065216,0.13399209486166,1.53772579454044,Inf,FALSE
1,2065579,2065579,0.13265306122449,23.9934871388532,Inf,FALSE
1,2065716,2070716,1,0,Inf,FALSE
1,2066990,2066990,0.13265306122449,7.26827375641497,Inf,FALSE
1,2067708,2067708,0.13265306122449,57.4650183377704,Inf,FALSE
1,2068216,2073216,0.13265306122449,6.39755900655553,Inf,FALSE
1,2068216,2078216,0.13265306122449,8.85730635846376,Inf,FALSE
1,2070716,2075716,0.13265306122449,5.44292970636193,Inf,FALSE
1,2073216,2078216,0.13265306122449,3.15017186128378,Inf,FALSE
1,2073216,2083216,0.13265306122449,14.8370171536073,Inf,FALSE
1,2073742,2073742,0.13265306122449,4.99837109084391,Inf,FALSE
1,2075716,2080716,0.13265306122449,2.04295575984148,Inf,FALSE
1,2076055,2076055,0.13265306122449,41.1758170700335,Inf,FALSE
1,2078216,2083216,0.13265306122449,13.0847300078277,Inf,FALSE
1,2078216,2088216,0.13265306122449,14.7968619944866,Inf,FALSE
1,2082868,2082868,0.13265306122449,15.2357058399406,Inf,FALSE
1,2083216,2093216,0.13265306122449,7.95518801622691,Inf,FALSE
1,2085716,2090716,0.13265306122449,5.73656824908745,Inf,FALSE
1,2088216,2093216,0.13265306122449,7.25426972228723,Inf,FALSE
1,2088216,2098216,1,,Inf,FALSE
1,2088716,2089716,0.13265306122449,4.40587358725916,Inf,FALSE
1,2090716,2095716,0.13265306122449,5.6947672135714,Inf,FALSE
1,2091762,2091762,0.13265306122449,4.51670670347696,Inf,FALSE
1,2093216,2098216,1,,Inf,FALSE
1,2093216,2103216,1,,Inf,FALSE
1,2093716,2094716,0.13265306122449,2.2805655762904,Inf,FALSE
1,2098216,2108216,1,,Inf,FALSE
1,2100716,2105716,1,,Inf,FALSE
1,2103216,2108216,1,,Inf,FALSE
1,2103216,2113216,1,0,Inf,FALSE
1,2104908,2104908,0.151712887438825,0.736992493797513,Inf,FALSE
1,2105716,2110716,0.13265306122449,8.28078314841002,Inf,FALSE
1,2108216,2113216,0.13265306122449,6.16430396760662,Inf,FALSE
1,2108216,2118216,1,,Inf,FALSE
1,2110216,2111216,0.13265306122449,5.25211901353176,Inf,FALSE
1,2110716,2115716,1,,Inf,FALSE
1,2113216,2118216,1,,Inf,FALSE
1,2114271,2114271,0.13265306122449,29.0856598575687,Inf,FALSE
1,2114716,2115716,1,,Inf,FALSE
1,2115716,2120716,0.13265306122449,5.08902631791737,Inf,FALSE
1,2116716,2117716,0.13265306122449,3.50057917786887,Inf,FALSE
1,2118216,2128216,1,0,Inf,FALSE
1,2122961,2122961,1,0,Inf,FALSE
1,2123216,2133216,1,0,Inf,FALSE
1,2125716,2130716,1,0,Inf,FALSE
1,2128216,2133216,1,0,Inf,FALSE
1,2128216,2138216,1,,Inf,FALSE
1,2128225,2128225,0.13265306122449,2.58532539830797,Inf,FALSE
1,2130716,2135716,0.13265306122449,8.08223114333358,Inf,FALSE
1,2131716,2132716,0.13265306122449,6.75001337136813,Inf,FALSE
1,2133216,2138216,1,,Inf,FALSE
1,2133216,2143216,1,,Inf,FALSE
1,2135216,2136216,1,,Inf,FALSE
1,2135716,2140716,1,,Inf,FALSE
1,2138216,2143216,1,,Inf,FALSE
1,2138216,2148216,1,,Inf,FALSE
1,2140216,2141216,1,,Inf,FALSE
1,2140716,2141716,1,,Inf,FALSE
1,2140716,2145716,1,,Inf,FALSE
1,2143216,2148216,0.13265306122449,2.50878780465796,Inf,FALSE
1,2143216,2153216,1,,Inf,FALSE
1,2144216,2145216,0.13265306122449,1.93640980573912,Inf,FALSE
1,2145216,2146216,0.13265306122449,2.02667570859707,Inf,FALSE
1,2148216,2153216,1,,Inf,FALSE
1,2148216,2158216,1,,Inf,FALSE
1,2149682,2149682,0.13265306122449,7.11896680481556,Inf,FALSE
1,2150716,2155716,1,,Inf,FALSE
1,2151216,2152216,1,0,Inf,FALSE
1,2152216,2153216,1,,Inf,FALSE
1,2153216,2158216,1,0,Inf,FALSE
1,2153216,2163216,1,0,Inf,FALSE
1,2155210,2155210,0.13265306122449,10.4350194797628,Inf,FALSE
1,2155716,2156716,1,,Inf,FALSE
1,2155716,2160716,1,,Inf,FALSE
1,2158216,2168216,1,0,Inf,FALSE
1,2160390,2160390,0.13265306122449,3.24246077686898,Inf,FALSE
1,2160661,2160661,0.132657200811359,1.63545074365623,Inf,FALSE
1,2160716,2165716,1,0,Inf,FALSE
1,2161490,2161490,0.13265306122449,7.32417667199724,Inf,FALSE
1,2163216,2168216,1,0,Inf,FALSE
1,2164935,2164935,0.13265306122449,173.247920267473,Inf,FALSE
1,2165716,2170716,0.158161648177496,0.566722489188367,Inf,FALSE
1,2168216,2178216,0.13265306122449,11.7578857210839,Inf,FALSE
1,2168359,2168359,0.13265306122449,21.4811322614245,Inf,FALSE
1,2169829,2169829,0.160876369327074,0.482560667826771,Inf,FALSE
1,2173216,2183216,0.13265306122449,12.0725957619021,Inf,FALSE
1,2178216,2188216,1,,Inf,FALSE
1,2180528,2180528,0.13265306122449,3.43283392234422,Inf,FALSE
1,2183216,2193216,1,,Inf,FALSE
1,2188216,2193216,1,0,Inf,FALSE
1,2188216,2198216,1,0,Inf,FALSE
1,2188566,2188566,0.13265306122449,2.84127835005072,Inf,FALSE
1,2188679,2188679,0.13265306122449,5.51992956796014,Inf,FALSE
1,2190716,2195716,1,0,Inf,FALSE
1,2193216,2198216,1,0,Inf,FALSE
1,2193216,2203216,1,0,Inf,FALSE
1,2195716,2196716,1,0,Inf,FALSE
1,2195716,2200716,1,0,Inf,FALSE
1,2198216,2203216,1,0,Inf,FALSE
1,2198216,2208216,1,0,Inf,FALSE
1,2200716,2205716,1,0,Inf,FALSE
1,2201216,2202216,1,0,Inf,FALSE
1,2202716,2203716,1,0,Inf,FALSE
1,2203216,2204216,1,0,Inf,FALSE
1,2203216,2208216,1,0,Inf,FALSE
1,2203216,2213216,1,0,Inf,FALSE
1,2204716,2205716,0.168133535660091,0.149067120726905,Inf,FALSE
1,2205716,2210716,1,0,Inf,FALSE
1,2208216,2213216,1,0,Inf,FALSE
1,2208216,2218216,1,0,Inf,FALSE
1,2209216,2210216,1,0,Inf,FALSE
1,2210716,2215716,0.158161648177496,0.547553462457026,Inf,FALSE
1,2216943,2217943,0.13265306122449,6.51202961082133,Inf,FALSE
1,2216943,2221943,0.13265306122449,6.53073600451912,Inf,FALSE
1,2216943,2226943,1,0,Inf,FALSE
1,2218034,2218034,0.13265306122449,3.96740217501188,Inf,FALSE
1,2219443,2224443,1,0,Inf,FALSE
1,2219880,2219880,0.13265306122449,2.49033783680463,Inf,FALSE
1,2221838,2221838,0.13265306122449,7.7510697909778,Inf,FALSE
1,2221943,2226943,1,0,Inf,FALSE
1,2221943,2231943,1,0,Inf,FALSE
1,2221975,2221975,1,0,Inf,FALSE
1,2222560,2222560,0.13265306122449,3.247024785694,Inf,FALSE
1,2222943,2223943,1,0,Inf,FALSE
1,2223443,2224443,1,0,Inf,FALSE
1,2223943,2224943,1,0,Inf,FALSE
1,2224367,2224367,0.13265306122449,3.15812363616718,Inf,FALSE
1,2224443,2225443,1,0,Inf,FALSE
1,2224443,2229443,1,0,Inf,FALSE
1,2224943,2225943,0.13265306122449,5.57509276741482,Inf,FALSE
1,2225443,2226443,1,0,Inf,FALSE
1,2225943,2226943,1,0,Inf,FALSE
1,2226443,2227443,1,0,Inf,FALSE
1,2226943,2231943,1,0,Inf,FALSE
1,2226943,2236943,1,0,Inf,FALSE
1,2227675,2227675,0.161875,0.440904272804561,Inf,FALSE
1,2227943,2228943,0.13265306122449,2.74610091146824,Inf,FALSE
1,2228443,2229443,0.13265306122449,1.86671466165469,Inf,FALSE
1,2228943,2229943,0.13265306122449,10.9160660341805,Inf,FALSE
1,2229156,2229156,1,0,Inf,FALSE
1,2229443,2230443,0.13265306122449,12.7837742612941,Inf,FALSE
1,2229443,2234443,1,0,Inf,FALSE
1,2231443,2232443,1,0,Inf,FALSE
1,2231943,2232943,1,0,Inf,FALSE
1,2231943,2236943,0.13265306122449,8.69611236259424,Inf,FALSE
1,2231943,2241943,0.13265306122449,9.15984703630419,Inf,FALSE
1,2234443,2235443,0.137894736842105,1.24675526016411,Inf,FALSE
1,2234443,2239443,0.13265306122449,8.41299212928483,Inf,FALSE
1,2234943,2235943,0.13265306122449,6.57855913630938,Inf,FALSE
1,2235019,2235019,0.152597402597403,0.709091854743271,Inf,FALSE
1,2235943,2236943,0.13265306122449,4.58932227573644,Inf,FALSE
1,2236359,2236359,0.13265306122449,8.35716096358335,Inf,FALSE
1,2236443,2237443,0.13265306122449,3.38122901387668,Inf,FALSE
1,2236943,2237943,1,0,Inf,FALSE
1,2236943,2241943,1,0,Inf,FALSE
1,2236943,2246943,1,0,Inf,FALSE
1,2237020,2237020,0.13265306122449,4.34727383349488,Inf,FALSE
1,2237443,2238443,1,0,Inf,FALSE
1,2238727,2238727,0.13265306122449,6.79081169626167,Inf,FALSE
1,2239443,2240443,1,0,Inf,FALSE
1,2239443,2244443,0.136538461538462,1.43755860357419,Inf,FALSE
1,2240074,2240074,0.13265306122449,8.57129564717551,Inf,FALSE
1,2241943,2246943,0.13265306122449,3.02373366934892,Inf,FALSE
1,2241943,2251943,0.13265306122449,3.02691645924897,Inf,FALSE
1,2244443,2249443,1,0,Inf,FALSE
1,2244943,2245943,1,0,Inf,FALSE
1,2245443,2246443,1,0,Inf,FALSE
1,2246193,2246193,0.13265306122449,1.7475175269293,Inf,FALSE
1,2246943,2251943,1,0,Inf,FALSE
1,2246943,2256943,0.13265306122449,2.34081709182371,Inf,FALSE
1,2249443,2254443,0.13265306122449,1.84148823406527,Inf,FALSE
1,2251943,2256943,0.13265306122449,2.10601987784784,Inf,FALSE
1,2251943,2261943,1,0,Inf,FALSE
1,2252443,2253443,1,0,Inf,FALSE
1,2253327,2253327,1,0,Inf,FALSE
1,2253369,2253369,0.13265306122449,5.97574039302024,Inf,FALSE
1,2253443,2254443,0.13265306122449,2.76032587198668,Inf,FALSE
1,2253943,2254943,0.13265306122449,3.28293052929625,Inf,FALSE
1,2254443,2255443,1,0,Inf,FALSE
1,2254443,2259443,1,0,Inf,FALSE
1,2254500,2254500,0.13265306122449,3.21968813397925,Inf,FALSE
1,2254516,2254516,0.13265306122449,11.382227974091,Inf,FALSE
1,2256011,2256011,0.137142857142857,1.38546403855168,Inf,FALSE
1,2256290,2256290,0.13265306122449,2.63577036869067,Inf,FALSE
1,2256460,2256460,1,0,Inf,FALSE
1,2256738,2256738,0.13265306122449,3.1258237602692,Inf,FALSE
1,2256943,2261943,1,0,Inf,FALSE
1,2256943,2266943,1,0,Inf,FALSE
1,2258943,2259943,1,0,Inf,FALSE
1,2259443,2260443,0.13265306122449,1.98849562039108,Inf,FALSE
1,2259443,2264443,1,0,Inf,FALSE
1,2259943,2260943,1,0,Inf,FALSE
1,2261943,2262943,0.13265306122449,3.92372423433499,Inf,FALSE
1,2261943,2266943,1,0,Inf,FALSE
1,2261943,2271943,1,0,Inf,FALSE
1,2261983,2261983,0.13265306122449,10.3155862419706,Inf,FALSE
1,2262443,2263443,1,0,Inf,FALSE
1,2264443,2269443,1,0,Inf,FALSE
1,2266231,2266231,1,0,Inf,FALSE
1,2266443,2267443,1,0,Inf,FALSE
1,2266943,2267943,0.13265306122449,1.8551897489068,Inf,FALSE
1,2266943,2271943,0.13265306122449,1.96156961464136,Inf,FALSE
1,2266943,2276943,1,0,Inf,FALSE
1,2267297,2267297,0.13265306122449,15.0989958487094,Inf,FALSE
1,2267392,2267392,1,0,Inf,FALSE
1,2269050,2269050,0.13265306122449,2.35735348189154,Inf,FALSE
1,2269443,2270443,0.159177215189873,0.528510631630437,Inf,FALSE
1,2269443,2274443,1,0,Inf,FALSE
1,2269881,2269881,1,0,Inf,FALSE
1,2271674,2271674,1,0,Inf,FALSE
1,2271943,2276943,1,0,Inf,FALSE
1,2271943,2281943,1,0,Inf,FALSE
1,2273591,2273591,0.13265306122449,3.8882794623478,Inf,FALSE
1,2273620,2273620,1,0,Inf,FALSE
1,2274443,2279443,1,0,Inf,FALSE
1,2276943,2281943,0.165644171779141,0.288918457055938,Inf,FALSE
1,2276943,2286943,0.133864541832669,1.55497164000835,Inf,FALSE
1,2277001,2277001,0.13265306122449,5.44876984345381,Inf,FALSE
1,2277827,2277827,0.13265306122449,6.95030828004314,Inf,FALSE
1,2278115,2278115,0.142327150084317,0.920771944193961,Inf,FALSE
1,2279434,2279434,0.13265306122449,5.14017218958431,Inf,FALSE
1,2279443,2284443,0.137894736842105,1.15550246922236,Inf,FALSE
1,2279832,2279832,1,0,Inf,FALSE
1,2279986,2279986,0.139310344827586,1.02121751556539,Inf,FALSE
1,2281943,2286943,0.13265306122449,1.97875380825037,Inf,FALSE
1,2281943,2291943,1,0,Inf,FALSE
1,2281978,2281978,0.13265306122449,1.83849750170287,Inf,FALSE
1,2282443,2283443,0.158161648177496,0.555131344959466,Inf,FALSE
1,2282680,2282680,1,0,Inf,FALSE
1,2282943,2283943,0.135433070866142,1.50786063620316,Inf,FALSE
1,2284443,2289443,0.13265306122449,1.94589578567886,Inf,FALSE
1,2284864,2284864,0.16,0.508174322687032,Inf,FALSE
1,2286943,2291943,1,0,Inf,FALSE
1,2286943,2296943,1,0,Inf,FALSE
1,2287943,2288943,1,0,Inf,FALSE
1,2289443,2294443,1,0,Inf,FALSE
1,2291943,2296943,0.13265306122449,6.66002330289376,Inf,FALSE
1,2291943,2301943,0.13265306122449,3.9414475766204,Inf,FALSE
1,2292443,2293443,0.13265306122449,3.77998833336163,Inf,FALSE
1,2292653,2292653,0.142521008403361,0.906260982536999,Inf,FALSE
1,2294443,2299443,0.137894736842105,1.22492992107253,Inf,FALSE
1,2296943,2301943,0.13265306122449,1.69433144343901,Inf,FALSE
1,2296943,2306943,0.13265306122449,3.76010207197724,Inf,FALSE
1,2298943,2299943,0.145273631840796,0.821819180263941,Inf,FALSE
1,2299443,2300443,1,0,Inf,FALSE
1,2299443,2304443,0.13265306122449,3.62708762933399,Inf,FALSE
1,2300443,2301443,0.13265306122449,1.77425841378682,Inf,FALSE
1,2301212,2301212,1,0,Inf,FALSE
1,2301943,2302943,1,0,Inf,FALSE
1,2301943,2306943,0.13265306122449,3.45782071611329,Inf,FALSE
1,2301943,2311943,0.137894736842105,1.28042831861114,Inf,FALSE
1,2304000,2304000,0.13265306122449,1.75578595611544,Inf,FALSE
1,2304443,2309443,1,0,Inf,FALSE
1,2304943,2305943,0.137894736842105,1.10402061434299,Inf,FALSE
1,2305443,2306443,0.141554054054054,0.932511005999616,Inf,FALSE
1,2306152,2306152,0.13265306122449,16.0694615477021,Inf,FALSE
1,2306831,2306831,1,0,Inf,FALSE
1,2306943,2307943,0.133864541832669,1.56358951521589,Inf,FALSE
1,2306943,2311943,1,0,Inf,FALSE
1,2306943,2316943,1,0,Inf,FALSE
1,2307083,2307083,1,0,Inf,FALSE
1,2307443,2308443,1,0,Inf,FALSE
1,2307943,2308943,1,0,Inf,FALSE
1,2308517,2308517,0.13265306122449,12.6736030321853,Inf,FALSE
1,2309443,2314443,1,0,Inf,FALSE
1,2309943,2310943,0.137142857142857,1.40676086147666,Inf,FALSE
1,2310443,2311443,0.137894736842105,1.17066801029504,Inf,FALSE
1,2310943,2311943,0.162037037037037,0.434284099794442,Inf,FALSE
1,2311393,2311393,0.135922330097087,1.46189730262508,Inf,FALSE
1,2311943,2316943,1,0,Inf,FALSE
1,2311943,2321943,1,0,Inf,FALSE
1,2312395,2312395,0.13265306122449,18.4136692214877,Inf,FALSE
1,2313443,2314443,0.13265306122449,2.64747808454947,Inf,FALSE
1,2314443,2319443,1,0,Inf,FALSE
1,2315438,2315438,0.13265306122449,2.32624383971975,Inf,FALSE
1,2315717,2315717,0.13265306122449,20.971216593685,Inf,FALSE
1,2316943,2321943,0.151712887438825,0.734449827007389,Inf,FALSE
1,2316943,2326943,1,0,Inf,FALSE
1,2318709,2318709,1,0,Inf,FALSE
1,2321943,2326943,1,0,Inf,FALSE
1,2321943,2331943,1,0,Inf,FALSE
1,2324443,2329443,1,0,Inf,FALSE
1,2324943,2325943,1,0,Inf,FALSE
1,2325371,2325371,0.13265306122449,2.66729777095303,Inf,FALSE
1,2325760,2325760,0.140273037542662,0.9842315892452,Inf,FALSE
1,2326812,2326812,0.13265306122449,20.785082389921,Inf,FALSE
1,2326943,2331943,0.13265306122449,2.40221918877806,Inf,FALSE
1,2326943,2336943,0.13265306122449,2.54724142111223,Inf,FALSE
1,2328443,2329443,0.13265306122449,2.68104648941249,Inf,FALSE
1,2329212,2329212,1,0,Inf,FALSE
1,2329413,2329413,0.13265306122449,8.37926962001467,Inf,FALSE
1,2329443,2334443,1,0,Inf,FALSE
1,2329808,2329808,1,0,Inf,FALSE
1,2331943,2336943,1,0,Inf,FALSE
1,2331943,2341943,1,0,Inf,FALSE
1,2334443,2339443,1,0,Inf,FALSE
1,2336943,2337943,1,0,Inf,FALSE
1,2336943,2341943,0.166003062787136,0.272056256280738,Inf,FALSE
1,2336943,2346943,1,,Inf,FALSE
1,2339443,2344443,1,,Inf,FALSE
1,2341443,2342443,1,,Inf,FALSE
1,2341943,2346943,1,,Inf,FALSE
1,2341943,2351943,1,,Inf,FALSE
1,2344042,2344042,1,0,Inf,FALSE
1,2344443,2349443,0.137894736842105,1.19447587541799,Inf,FALSE
1,2345943,2346943,1,0,Inf,FALSE
1,2346443,2347443,1,0,Inf,FALSE
1,2346943,2347943,0.162037037037037,0.395286805576651,Inf,FALSE
1,2346943,2351943,1,0,Inf,FALSE
1,2346943,2356943,0.13265306122449,2.8422114675042,Inf,FALSE
1,2349443,2354443,1,0,Inf,FALSE
1,2349943,2350943,1,0,Inf,FALSE
1,2350912,2350912,1,0,Inf,FALSE
1,2351943,2356943,0.13265306122449,3.38356801251006,Inf,FALSE
1,2351943,2361943,1,,Inf,FALSE
1,2352280,2352280,1,0,Inf,FALSE
1,2352943,2353943,0.13265306122449,2.22663801368624,Inf,FALSE
1,2353943,2354943,1,0,Inf,FALSE
1,2353972,2353972,0.13265306122449,2.79652123197529,Inf,FALSE
1,2354016,2354016,1,0,Inf,FALSE
1,2354443,2359443,1,,Inf,FALSE
1,2355443,2356443,0.13265306122449,2.71924715864008,Inf,FALSE
1,2355563,2355563,0.13265306122449,2.59967265673933,Inf,FALSE
1,2356943,2361943,1,0,Inf,FALSE
1,2356943,2366943,1,,Inf,FALSE
1,2357367,2357367,1,0,Inf,FALSE
1,2357810,2357810,1,0,Inf,FALSE
1,2358943,2359943,1,0,Inf,FALSE
1,2359443,2360443,1,0,Inf,FALSE
1,2359443,2364443,0.13265306122449,3.13941206307055,Inf,FALSE
1,2360656,2360656,1,0,Inf,FALSE
1,2361943,2366943,1,0,Inf,FALSE
1,2361943,2371943,1,0,Inf,FALSE
1,2362764,2362764,1,0,Inf,FALSE
1,2362943,2363943,1,0,Inf,FALSE
1,2363327,2363327,0.13265306122449,2.03644962857996,Inf,FALSE
1,2363443,2364443,0.13265306122449,3.98090742681353,Inf,FALSE
1,2363943,2364943,0.13265306122449,4.22773618459708,Inf,FALSE
1,2364443,2365443,1,0,Inf,FALSE
1,2364443,2369443,1,0,Inf,FALSE
1,2364943,2365943,1,0,Inf,FALSE
1,2365443,2366443,1,0,Inf,FALSE
1,2365943,2366943,0.13265306122449,2.8704252075493,Inf,FALSE
1,2366316,2366316,0.13265306122449,2.35771890261509,Inf,FALSE
1,2366943,2371943,1,0,Inf,FALSE
1,2366943,2376943,1,0,Inf,FALSE
1,2367943,2368943,1,0,Inf,FALSE
1,2368443,2369443,1,0,Inf,FALSE
1,2368943,2369943,1,0,Inf,FALSE
1,2369443,2374443,1,0,Inf,FALSE
1,2371443,2372443,0.13265306122449,4.76478773242137,Inf,FALSE
1,2371943,2376943,1,0,Inf,FALSE
1,2371943,2381943,0.13265306122449,4.95162216188995,Inf,FALSE
1,2372940,2372940,1,0,Inf,FALSE
1,2372943,2373943,1,0,Inf,FALSE
1,2373443,2374443,1,0,Inf,FALSE
1,2373987,2373987,0.13265306122449,2.72041275647688,Inf,FALSE
1,2374443,2379443,0.13265306122449,5.15420444395278,Inf,FALSE
1,2376943,2381943,0.13265306122449,5.94546677076393,Inf,FALSE
1,2376943,2386943,0.13265306122449,8.66616600017567,Inf,FALSE
1,2377443,2378443,0.13265306122449,4.93048155867713,Inf,FALSE
1,2379065,2379065,0.13265306122449,2.55393521338098,Inf,FALSE
1,2379443,2384443,0.13265306122449,3.75257609644762,Inf,FALSE
1,2381943,2386943,0.13265306122449,1.98153185905687,Inf,FALSE
1,2381943,2391943,1,0,Inf,FALSE
1,2384443,2389443,1,0,Inf,FALSE
1,2386943,2391943,1,0,Inf,FALSE
1,2386943,2396943,1,0,Inf,FALSE
1,2389443,2394443,1,0,Inf,FALSE
1,2391943,2392943,0.162037037037037,0.385566112383346,Inf,FALSE
1,2391943,2396943,1,0,Inf,FALSE
1,2391943,2401943,1,0,Inf,FALSE
1,2392943,2393943,1,0,Inf,FALSE
1,2393562,2393562,0.137894736842105,1.20161056304141,Inf,FALSE
1,2394074,2394074,0.13265306122449,10.4322493152065,Inf,FALSE
1,2394443,2399443,0.13265306122449,2.37569363947262,Inf,FALSE
1,2394943,2395943,0.13265306122449,4.03781049263807,Inf,FALSE
1,2396943,2397943,1,0,Inf,FALSE
1,2396943,2401943,1,0,Inf,FALSE
1,2396943,2406943,1,0,Inf,FALSE
1,2399443,2404443,1,0,Inf,FALSE
1,2399943,2400943,1,0,Inf,FALSE
1,2401943,2406943,1,0,Inf,FALSE
1,2401943,2411943,1,0,Inf,FALSE
1,2404443,2409443,1,0,Inf,FALSE
1,2405443,2406443,1,0,Inf,FALSE
1,2405943,2406943,1,0,Inf,FALSE
1,2406443,2407443,1,0,Inf,FALSE
1,2406943,2407943,1,0,Inf,FALSE
1,2406943,2411943,1,0,Inf,FALSE
1,2406943,2416943,1,0,Inf,FALSE
1,2408834,2408834,0.13265306122449,8.60693851937673,Inf,FALSE
1,2409276,2409276,0.13265306122449,13.3658087230654,Inf,FALSE
1,2409443,2414443,0.13265306122449,3.54815245161624,Inf,FALSE
1,2410443,2411443,1,0,Inf,FALSE
1,2410711,2410711,1,0,Inf,FALSE
1,2410943,2411943,1,0,Inf,FALSE
1,2411443,2412443,1,0,Inf,FALSE
1,2411943,2412943,1,0,Inf,FALSE
1,2411943,2416943,1,0,Inf,FALSE
1,2411943,2421943,0.137894736842105,1.11257086884491,Inf,FALSE
1,2414443,2419443,1,0,Inf,FALSE
1,2416943,2421943,0.137894736842105,1.28771305781862,Inf,FALSE
1,2416943,2426943,0.13265306122449,8.90201270864066,Inf,FALSE
1,2419443,2424443,0.13265306122449,8.73585094187165,Inf,FALSE
1,2421943,2426943,0.13265306122449,8.23894600597099,Inf,FALSE
1,2421943,2431943,0.13265306122449,8.54101632783747,Inf,FALSE
1,2422943,2423943,0.13265306122449,8.77827792841501,Inf,FALSE
1,2423443,2424443,0.13265306122449,11.4711370480429,Inf,FALSE
1,2423943,2424943,1,0,Inf,FALSE
1,2424319,2424319,1,0,Inf,FALSE
1,2424443,2425443,1,0,Inf,FALSE
1,2424443,2429443,1,0,Inf,FALSE
1,2424943,2425943,1,0,Inf,FALSE
1,2425048,2425048,0.135922330097087,1.46130653381512,Inf,FALSE
1,2426047,2426047,1,0,Inf,FALSE
1,2426943,2436943,1,0,Inf,FALSE
1,2431943,2436943,1,0,Inf,FALSE
1,2431943,2441943,0.137142857142857,1.38665621468342,Inf,FALSE
1,2433894,2433894,1,0,Inf,FALSE
1,2434443,2439443,1,0,Inf,FALSE
1,2436943,2437943,1,0,Inf,FALSE
1,2436943,2441943,0.135812133072407,1.47728050464358,Inf,FALSE
1,2436943,2446943,0.13265306122449,1.88508630553142,Inf,FALSE
1,2437443,2438443,1,0,Inf,FALSE
1,2438167,2438167,1,0,Inf,FALSE
1,2438353,2438353,0.13265306122449,5.06201973298801,Inf,FALSE
1,2438653,2438653,0.13265306122449,5.51955258693984,Inf,FALSE
1,2438768,2438768,0.13265306122449,3.10667036631541,Inf,FALSE
1,2439443,2444443,0.13265306122449,3.33500404128295,Inf,FALSE
1,2440443,2441443,0.13265306122449,4.70216563568133,Inf,FALSE
1,2440943,2441943,0.13265306122449,3.78359992806641,Inf,FALSE
1,2441443,2442443,1,0,Inf,FALSE
1,2441943,2446943,1,0,Inf,FALSE
1,2441943,2451943,1,0,Inf,FALSE
1,2443443,2444443,0.137894736842105,1.16786448347027,Inf,FALSE
1,2443655,2443655,0.13265306122449,14.6022657834993,Inf,FALSE
1,2443943,2444943,0.137894736842105,1.1712727363561,Inf,FALSE
1,2444443,2449443,1,0,Inf,FALSE
1,2444935,2444935,0.13265306122449,2.10806985497509,Inf,FALSE
1,2446943,2451943,1,0,Inf,FALSE
1,2446943,2456943,1,0,Inf,FALSE
1,2449443,2454443,1,0,Inf,FALSE
1,2450443,2451443,1,0,Inf,FALSE
1,2451443,2452443,1,0,Inf,FALSE
1,2451943,2456943,1,0,Inf,FALSE
1,2451943,2461943,1,,Inf,FALSE
1,2452943,2453943,1,0,Inf,FALSE
1,2453443,2454443,1,0,Inf,FALSE
1,2453943,2454943,1,0,Inf,FALSE
1,2454443,2455443,1,0,Inf,FALSE
1,2454443,2459443,1,,Inf,FALSE
1,2456943,2461943,1,,Inf,FALSE
1,2456943,2466943,1,,Inf,FALSE
1,2456954,2456954,1,0,Inf,FALSE
1,2458010,2458010,1,0,Inf,FALSE
1,2458943,2459943,0.137894736842105,1.30414826776124,Inf,FALSE
1,2459443,2460443,1,0,Inf,FALSE
1,2459443,2464443,1,0,Inf,FALSE
1,2461943,2466943,0.16,0.510733169822556,Inf,FALSE
1,2461943,2471943,1,0,Inf,FALSE
1,2464443,2469443,0.140273037542662,0.991550317427882,Inf,FALSE
1,2466943,2471943,1,0,Inf,FALSE
1,2466943,2476943,1,0,Inf,FALSE
1,2467764,2467764,0.13265306122449,2.74930924339451,Inf,FALSE
1,2467943,2468943,1,0,Inf,FALSE
1,2468943,2469943,0.13265306122449,2.88795100203958,Inf,FALSE
1,2469443,2470443,1,0,Inf,FALSE
1,2469443,2474443,1,0,Inf,FALSE
1,2470943,2471943,0.151791530944625,0.72578035345459,Inf,FALSE
1,2471443,2472443,0.145273631840796,0.82258231590488,Inf,FALSE
1,2471943,2476943,1,0,Inf,FALSE
1,2474225,2474225,0.13265306122449,3.36019071957424,Inf,FALSE
1,2474943,2475943,1,0,Inf,FALSE
1,2475443,2476443,1,0,Inf,FALSE
1,2476943,2486943,1,0,Inf,FALSE
1,2481943,2491943,1,,Inf,FALSE
1,2482834,2482834,1,0,Inf,FALSE
1,2482943,2483943,1,0,Inf,FALSE
1,2483298,2483298,0.13265306122449,28.5797602955074,Inf,FALSE
1,2484443,2489443,1,,Inf,FALSE
1,2486943,2491943,1,,Inf,FALSE
1,2486943,2496943,1,,Inf,FALSE
1,2488901,2488901,1,0,Inf,FALSE
1,2489443,2494443,1,,Inf,FALSE
1,2491943,2496943,1,,Inf,FALSE
1,2491943,2501943,1,,Inf,FALSE
1,2492665,2492665,0.13265306122449,7.22298702259147,Inf,FALSE
1,2496943,2501943,0.13265306122449,7.75940264388038,Inf,FALSE
1,2496943,2506943,0.13265306122449,7.37766521859573,Inf,FALSE
1,2499443,2504443,1,0,Inf,FALSE
1,2501943,2506943,0.135922330097087,1.45897650800987,Inf,FALSE
1,2501943,2511943,0.13265306122449,1.7493911876735,Inf,FALSE
1,2504281,2504281,1,0,Inf,FALSE
1,2504443,2509443,0.13265306122449,1.85844551303675,Inf,FALSE
1,2504943,2505943,1,0,Inf,FALSE
1,2505443,2506443,0.146952224052718,0.79479074292888,Inf,FALSE
1,2505943,2506943,0.13265306122449,1.88321094512422,Inf,FALSE
1,2506861,2506861,0.13265306122449,3.76508993659878,Inf,FALSE
1,2506943,2511943,0.13265306122449,1.70237331668786,Inf,FALSE
1,2506943,2516943,0.137894736842105,1.22636174830315,Inf,FALSE
1,2510605,2510605,0.13265306122449,14.8980648500815,Inf,FALSE
1,2512456,2512456,0.13265306122449,7.36756803196466,Inf,FALSE
1,2521943,2531943,0.13265306122449,3.76910727027376,Inf,FALSE
1,2524443,2529443,0.13265306122449,2.55311501342565,Inf,FALSE
1,2526943,2536943,0.13399209486166,1.55252363230856,Inf,FALSE
1,2527943,2528943,0.13265306122449,1.74364484451074,Inf,FALSE
1,2529283,2529283,1,0,Inf,FALSE
1,2529443,2530443,0.13265306122449,2.75413353485103,Inf,FALSE
1,2529443,2534443,1,0,Inf,FALSE
1,2531943,2536943,1,0,Inf,FALSE
1,2531943,2541943,1,,Inf,FALSE
1,2532443,2533443,1,0,Inf,FALSE
1,2532943,2533943,1,0,Inf,FALSE
1,2535496,2535496,0.13265306122449,1.88432734286272,Inf,FALSE
1,2536943,2546943,1,,Inf,FALSE
1,2537072,2537072,0.13265306122449,27.8945208472557,Inf,FALSE
1,2541943,2551943,1,0,Inf,FALSE
1,2544443,2549443,1,0,Inf,FALSE
1,2546089,2546089,0.145273631840796,0.816440501392447,Inf,FALSE
1,2546593,2546593,0.13265306122449,7.99142910333745,Inf,FALSE
1,2546808,2546808,1,0,Inf,FALSE
1,2546943,2551943,1,0,Inf,FALSE
1,2546943,2556943,1,0,Inf,FALSE
1,2549443,2554443,1,0,Inf,FALSE
1,2550443,2551443,1,0,Inf,FALSE
1,2551943,2556943,0.13265306122449,3.41359398249101,Inf,FALSE
1,2553383,2553383,0.13265306122449,4.99631975611051,Inf,FALSE
1,2554010,2554010,0.13265306122449,6.16522241390578,Inf,FALSE
1,2554443,2559443,1,0,Inf,FALSE
1,2556987,2556987,1,0,Inf,FALSE
1,2561943,2571943,1,0,Inf,FALSE
1,2564443,2569443,1,0,Inf,FALSE
1,2566443,2567443,1,0,Inf,FALSE
1,2566943,2571943,1,0,Inf,FALSE
1,2567222,2567222,1,0,Inf,FALSE
1,2568360,2568360,0.13265306122449,4.92103296173072,Inf,FALSE
1,2571943,2581943,0.150410509031199,0.750930783327857,Inf,FALSE
1,2574443,2579443,0.162037037037037,0.412698418089543,Inf,FALSE
1,2576943,2586943,0.137894736842105,1.11164349222918,Inf,FALSE
1,2584510,2584510,0.13265306122449,7.83086368724087,Inf,FALSE
1,2611943,2621943,0.1438127090301,0.883921070228326,Inf,FALSE
1,2614443,2619443,0.137894736842105,1.12250071738778,Inf,FALSE
1,2616943,2626943,0.13265306122449,7.11882985757298,Inf,FALSE
1,2619443,2624443,0.137894736842105,1.19455125972945,Inf,FALSE
1,2621943,2626943,0.13265306122449,7.87528199970384,Inf,FALSE
1,2621943,2631943,0.13265306122449,25.3671753197197,Inf,FALSE
1,2622943,2623943,0.137853107344633,1.33156148874508,Inf,FALSE
1,2623443,2624443,1,0,Inf,FALSE
1,2624443,2629443,0.13265306122449,5.19992243738465,Inf,FALSE
1,2625027,2625027,0.13265306122449,13.2609687905765,Inf,FALSE
1,2625071,2625071,0.13265306122449,2.91815993201629,Inf,FALSE
1,2626943,2631943,0.13265306122449,20.0398257676282,Inf,FALSE
1,2626943,2636943,0.13265306122449,20.065804401129,Inf,FALSE
1,2629443,2634443,0.13265306122449,20.8811949171303,Inf,FALSE
1,2629943,2630943,1,0,Inf,FALSE
1,2630443,2631443,0.13265306122449,19.5338775730935,Inf,FALSE
1,2630943,2631943,0.13265306122449,19.4337472054052,Inf,FALSE
1,2631443,2632443,0.14125636672326,0.950341213226594,Inf,FALSE
1,2686943,2696943,0.137894736842105,1.12733999087803,Inf,FALSE
1,2691943,2701943,0.13265306122449,2.43534547840858,Inf,FALSE
1,2694443,2699443,0.137894736842105,1.21401204467053,Inf,FALSE
1,2696943,2701943,0.136538461538462,1.42731062474451,Inf,FALSE
1,2696943,2706943,0.140273037542662,0.983246635139281,Inf,FALSE
1,2699443,2704443,0.13399209486166,1.54183213134872,Inf,FALSE
1,2701943,2706943,1,0,Inf,FALSE
1,2701943,2711943,0.13265306122449,1.72229962931,Inf,FALSE
1,2704443,2709443,0.13265306122449,1.89450487603245,Inf,FALSE
1,2706943,2716943,0.13265306122449,1.8706541071463,Inf,FALSE
1,2707957,2707957,0.13265306122449,1.67510157630009,Inf,FALSE
1,2711943,2716943,1,0,Inf,FALSE
1,2711943,2721943,1,0,Inf,FALSE
1,2716943,2726943,1,0,Inf,FALSE
1,2719443,2724443,1,0,Inf,FALSE
1,2721943,2722943,1,0,Inf,FALSE
1,2721943,2726943,1,0,Inf,FALSE
1,2721943,2731943,1,0,Inf,FALSE
1,2722943,2723943,1,0,Inf,FALSE
1,2723443,2724443,1,0,Inf,FALSE
1,2724443,2729443,1,0,Inf,FALSE
1,2725443,2726443,1,0,Inf,FALSE
1,2726943,2731943,0.13265306122449,7.16481652739032,Inf,FALSE
1,2726943,2736943,1,0,Inf,FALSE
1,2729443,2730443,0.13265306122449,9.59597160301737,Inf,FALSE
1,2729443,2734443,1,0,Inf,FALSE
1,2729943,2730943,0.13265306122449,4.65193606280725,Inf,FALSE
1,2730443,2731443,0.13265306122449,2.50237561128501,Inf,FALSE
1,2730943,2731943,0.13265306122449,2.21325983163093,Inf,FALSE
1,2731943,2736943,1,0,Inf,FALSE
1,2732943,2733943,1,0,Inf,FALSE
1,2734443,2739443,1,0,Inf,FALSE
1,2736943,2746943,1,0,Inf,FALSE
1,2737637,2737637,0.13265306122449,8.76275911076575,Inf,FALSE
1,2741943,2751943,1,0,Inf,FALSE
1,2746943,2751943,1,0,Inf,FALSE
1,2746943,2756943,1,0,Inf,FALSE
1,2749443,2754443,0.13265306122449,1.75579101172816,Inf,FALSE
1,2751943,2756943,0.162095531587057,0.367744218941274,Inf,FALSE
1,2751943,2761943,0.139759036144578,1.01410372135525,Inf,FALSE
1,2753227,2753227,0.140273037542662,0.978463412646223,Inf,FALSE
1,2753870,2753870,0.132657200811359,1.63421721668687,Inf,FALSE
1,2754443,2759443,0.156591639871383,0.6367339325945,Inf,FALSE
1,2756288,2756288,0.13265306122449,6.22608936664791,Inf,FALSE
1,2756943,2761943,0.137760910815939,1.36675694996024,Inf,FALSE
1,2756943,2766943,0.137894736842105,1.26955059338602,Inf,FALSE
1,2759443,2764443,0.156451612903226,0.650552953943153,Inf,FALSE
1,2761931,2761931,0.13265306122449,2.23671735665414,Inf,FALSE
1,2761943,2766943,0.145273631840796,0.829299038509485,Inf,FALSE
1,2761943,2771943,1,0,Inf,FALSE
1,2762910,2762910,0.13265306122449,8.43926208266865,Inf,FALSE
1,2766943,2771943,0.13265306122449,2.10787941837593,Inf,FALSE
1,2766943,2776943,0.13265306122449,2.41192965848229,Inf,FALSE
1,2769443,2774443,0.13265306122449,1.82150077683898,Inf,FALSE
1,2769943,2770943,1,0,Inf,FALSE
1,2770443,2771443,0.156591639871383,0.641426939553157,Inf,FALSE
1,2771544,2771544,0.13265306122449,9.46674424254895,Inf,FALSE
1,2771943,2781943,0.13265306122449,2.1334737698156,Inf,FALSE
1,2774443,2779443,0.1438127090301,0.873507288938296,Inf,FALSE
1,2776761,2776761,1,0,Inf,FALSE
1,2776943,2786943,0.138648180242634,1.04729217911999,Inf,FALSE
1,2777443,2778443,0.13265306122449,2.76079875539227,Inf,FALSE
1,2777943,2778943,0.136434108527132,1.44262743866261,Inf,FALSE
1,2778443,2779443,1,0,Inf,FALSE
1,2781943,2786943,0.164976958525346,0.318370028806789,Inf,FALSE
1,2781943,2791943,1,0,Inf,FALSE
1,2783309,2783309,0.13265306122449,70.2460780245346,Inf,FALSE
1,2784443,2789443,1,0,Inf,FALSE
1,2786626,2786626,0.13265306122449,15.3784535736692,Inf,FALSE
1,2786943,2796943,1,0,Inf,FALSE
1,2789443,2794443,1,0,Inf,FALSE
1,2791443,2792443,1,0,Inf,FALSE
1,2791943,2792943,1,0,Inf,FALSE
1,2791943,2796943,1,0,Inf,FALSE
1,2791943,2801943,1,0,Inf,FALSE
1,2793943,2794943,1,0,Inf,FALSE
1,2794443,2799443,0.162037037037037,0.436919319836692,Inf,FALSE
1,2795943,2796943,1,0,Inf,FALSE
1,2796943,2801943,0.137894736842105,1.17796010044352,Inf,FALSE
1,2796943,2806943,1,0,Inf,FALSE
1,2797856,2797856,0.13265306122449,36.7445296169768,Inf,FALSE
1,2798727,2798727,0.13265306122449,4.20514301090132,Inf,FALSE
1,2798943,2799943,0.13265306122449,2.13550258677958,Inf,FALSE
1,2799443,2800443,0.13265306122449,3.1116369789008,Inf,FALSE
1,2799443,2804443,1,0,Inf,FALSE
1,2799943,2800943,0.13265306122449,2.4396490955791,Inf,FALSE
1,2800573,2800573,1,0,Inf,FALSE
1,2800943,2801943,1,0,Inf,FALSE
1,2801459,2801459,0.13265306122449,8.9794057540335,Inf,FALSE
1,2801943,2806943,1,0,Inf,FALSE
1,2801943,2811943,1,0,Inf,FALSE
1,2802562,2802562,0.1438127090301,0.86531518314114,Inf,FALSE
1,2804443,2809443,1,0,Inf,FALSE
1,2804943,2805943,1,0,Inf,FALSE
1,2805896,2805896,0.13265306122449,29.7844696465237,Inf,FALSE
1,2806443,2807443,1,0,Inf,FALSE
1,2806943,2807943,1,0,Inf,FALSE
1,2806943,2811943,1,0,Inf,FALSE
1,2806943,2816943,1,0,Inf,FALSE
1,2807443,2808443,0.141156462585034,0.957699665153762,Inf,FALSE
1,2808943,2809943,1,0,Inf,FALSE
1,2809443,2814443,0.157827476038339,0.596733277040413,Inf,FALSE
1,2810943,2811943,0.13265306122449,1.77853644001068,Inf,FALSE
1,2811427,2811427,1,0,Inf,FALSE
1,2811443,2812443,0.137853107344633,1.35324680180694,Inf,FALSE
1,2811660,2811660,0.13265306122449,7.38420014801396,Inf,FALSE
1,2811943,2816943,1,0,Inf,FALSE
1,2811943,2821943,1,0,Inf,FALSE
1,2812943,2813943,1,0,Inf,FALSE
1,2813443,2814443,0.138648180242634,1.05853858838211,Inf,FALSE
1,2821127,2821127,0.13265306122449,2.14378381948149,Inf,FALSE
1,2821943,2831943,1,0,Inf,FALSE
1,2822748,2822748,0.13265306122449,20.5600461961185,Inf,FALSE
1,2824878,2824878,1,0,Inf,FALSE
1,2826943,2836943,0.13265306122449,2.68391329222945,Inf,FALSE
1,2829443,2834443,0.13265306122449,2.62427206819771,Inf,FALSE
1,2831443,2832443,0.13265306122449,2.22896708477816,Inf,FALSE
1,2831943,2832943,0.13265306122449,2.41407819370503,Inf,FALSE
1,2831943,2836943,0.13265306122449,2.64298674813163,Inf,FALSE
1,2831943,2841943,0.13265306122449,9.64978769206657,Inf,FALSE
1,2832957,2832957,1,0,Inf,FALSE
1,2834443,2839443,1,0,Inf,FALSE
1,2836454,2836454,0.137894736842105,1.11277024550189,Inf,FALSE
1,2836943,2841943,0.13265306122449,7.89083061661527,Inf,FALSE
1,2836943,2846943,1,0,Inf,FALSE
1,2837711,2837711,0.13265306122449,10.8687838230272,Inf,FALSE
1,2838943,2839943,0.13265306122449,7.92717299567677,Inf,FALSE
1,2839443,2840443,0.13265306122449,8.36548519013068,Inf,FALSE
1,2839443,2844443,0.13265306122449,8.50261520180788,Inf,FALSE
1,2841943,2851943,1,0,Inf,FALSE
1,2846518,2846518,1,0,Inf,FALSE
1,2846943,2851943,0.162037037037037,0.382407711189981,Inf,FALSE
1,2846943,2856943,1,0,Inf,FALSE
1,2849443,2854443,0.151147540983607,0.745373478279247,Inf,FALSE
1,2851943,2856943,1,0,Inf,FALSE
1,2851943,2861943,1,0,Inf,FALSE
1,2852443,2853443,0.151712887438825,0.735542454015167,Inf,FALSE
1,2852943,2853943,1,0,Inf,FALSE
1,2853759,2853759,0.13265306122449,6.69075304678677,Inf,FALSE
1,2854443,2855443,1,0,Inf,FALSE
1,2854443,2859443,1,0,Inf,FALSE
1,2855237,2855237,0.13265306122449,5.40439718991267,Inf,FALSE
1,2856943,2866943,0.13265306122449,1.96422015659175,Inf,FALSE
1,2859668,2859668,0.162037037037037,0.405610069322103,Inf,FALSE
1,2859724,2859724,0.13265306122449,20.6999223395379,Inf,FALSE
1,2861943,2866943,1,0,Inf,FALSE
1,2861943,2871943,0.135922330097087,1.4762248857994,Inf,FALSE
1,2864443,2869443,0.13265306122449,1.65398187251556,Inf,FALSE
1,2865443,2866443,0.162037037037037,0.389186713870171,Inf,FALSE
1,2866943,2871943,0.137760910815939,1.37646837785596,Inf,FALSE
1,2867943,2868943,0.156451612903226,0.662776015416586,Inf,FALSE
1,2868443,2869443,1,0,Inf,FALSE
1,2868943,2869943,1,0,Inf,FALSE
1,2871943,2881943,1,0,Inf,FALSE
1,2872305,2872305,1,0,Inf,FALSE
1,2876943,2886943,1,0,Inf,FALSE
1,2878443,2879443,1,0,Inf,FALSE
1,2879443,2884443,1,0,Inf,FALSE
1,2879739,2879739,1,0,Inf,FALSE
1,2881943,2886943,1,0,Inf,FALSE
1,2881943,2891943,1,0,Inf,FALSE
1,2882035,2882035,1,0,Inf,FALSE
1,2883443,2884443,1,0,Inf,FALSE
1,2884443,2889443,0.137894736842105,1.28533993686861,Inf,FALSE
